anio,detalle_gasto,pia,pim,certificado,comprometido,devengado,girado,ejecucion_pct_dev_pim,fuente,url,fecha_descarga
2017,A OTRAS UNIDADES DEL GOBIERNO,6272000.0,6259495.0,6201063.28,6198380.25,6198380.25,6182247.77,99.02,MEF Datos Abiertos – Presupuesto y Ejecución de Gasto (Devengado),https://fs.datosabiertos.mef.gob.pe/datastorefiles/2017-Gasto-Devengado.csv,2026-09-08
2017,"ADQUISICION DE MAQUINARIAS, EQUIPO Y MOBILIARIO",1185556.0,8862640.0,8299084.74,8297486.99,8294382.99,8294382.99,93.59,MEF Datos Abiertos – Presupuesto y Ejecución de Gasto (Devengado),https://fs.datosabiertos.mef.gob.pe/datastorefiles/2017-Gasto-Devengado.csv,2026-09-08
2017,ADQUISICION DE OTROS ACTIVOS FIJOS,0.0,441759.0,421345.96,421345.96,421345.96,421345.96,95.38,MEF Datos Abiertos – Presupuesto y Ejecución de Gasto (Devengado),https://fs.datosabiertos.mef.gob.pe/datastorefiles/2017-Gasto-Devengado.csv,2026-09-08
2017,ADQUISICION DE VEHICULOS,0.0,543539.0,509559.0,375786.0,375786.0,375786.0,69.14,MEF Datos Abiertos – Presupuesto y Ejecución de Gasto (Devengado),https://fs.datosabiertos.mef.gob.pe/datastorefiles/2017-Gasto-Devengado.csv,2026-09-08
2017,AL GOBIERNO LOCAL,174114.0,736682.0,692092.45,692085.57,686203.54,680797.42,93.15,MEF Datos Abiertos – Presupuesto y Ejecución de Gasto (Devengado),https://fs.datosabiertos.mef.gob.pe/datastorefiles/2017-Gasto-Devengado.csv,2026-09-08
2017,AL GOBIERNO NACIONAL,0.0,76103.0,71545.85,71545.85,68710.85,68710.85,90.29,MEF Datos Abiertos – Presupuesto y Ejecución de Gasto (Devengado),https://fs.datosabiertos.mef.gob.pe/datastorefiles/2017-Gasto-Devengado.csv,2026-09-08
2017,ALIMENTOS Y BEBIDAS,485012.0,1165403.0,1125103.42,1125103.42,1125103.42,1106297.47,96.54,MEF Datos Abiertos – Presupuesto y Ejecución de Gasto (Devengado),https://fs.datosabiertos.mef.gob.pe/datastorefiles/2017-Gasto-Devengado.csv,2026-09-08
2017,ALQUILERES DE MUEBLES E INMUEBLES,1985633.0,1592910.0,1440340.49,1436368.75,1436368.75,1385270.51,90.17,MEF Datos Abiertos – Presupuesto y Ejecución de Gasto (Devengado),https://fs.datosabiertos.mef.gob.pe/datastorefiles/2017-Gasto-Devengado.csv,2026-09-08
2017,ASISTENCIA SOCIAL EN PENSIONES E INDEMNIZACIONES,168700.0,168700.0,125073.66,125073.66,121268.76,121268.76,71.88,MEF Datos Abiertos – Presupuesto y Ejecución de Gasto (Devengado),https://fs.datosabiertos.mef.gob.pe/datastorefiles/2017-Gasto-Devengado.csv,2026-09-08
2017,"COMBUSTIBLES, CARBURANTES, LUBRICANTES Y AFINES",1280141.0,1521079.0,1467215.26,1425760.4,1421796.21,1413399.72,93.47,MEF Datos Abiertos – Presupuesto y Ejecución de Gasto (Devengado),https://fs.datosabiertos.mef.gob.pe/datastorefiles/2017-Gasto-Devengado.csv,2026-09-08
2017,COMPRA DE OTROS BIENES,2979438.0,2011370.0,1927924.41,1927924.41,1927924.41,1917176.34,95.85,MEF Datos Abiertos – Presupuesto y Ejecución de Gasto (Devengado),https://fs.datosabiertos.mef.gob.pe/datastorefiles/2017-Gasto-Devengado.csv,2026-09-08
2017,CONTRATO ADMINISTRATIVO DE SERVICIOS,201847441.0,182747996.0,182556905.27,182556905.27,182354011.75,182056387.7,99.78,MEF Datos Abiertos – Presupuesto y Ejecución de Gasto (Devengado),https://fs.datosabiertos.mef.gob.pe/datastorefiles/2017-Gasto-Devengado.csv,2026-09-08
2017,EDIFICIOS O UNIDADES NO RESIDENCIALES,2194631.0,408061.0,408061.0,7152.83,7152.83,7152.83,1.75,MEF Datos Abiertos – Presupuesto y Ejecución de Gasto (Devengado),https://fs.datosabiertos.mef.gob.pe/datastorefiles/2017-Gasto-Devengado.csv,2026-09-08
2017,ENSERES,326753.0,484705.0,453207.53,453192.53,453192.53,452278.33,93.5,MEF Datos Abiertos – Presupuesto y Ejecución de Gasto (Devengado),https://fs.datosabiertos.mef.gob.pe/datastorefiles/2017-Gasto-Devengado.csv,2026-09-08
2017,ENTREGA DE BIENES Y SERVICIOS,29225105.0,29007435.0,28909654.66,28799572.84,28793905.97,28785331.84,99.26,MEF Datos Abiertos – Presupuesto y Ejecución de Gasto (Devengado),https://fs.datosabiertos.mef.gob.pe/datastorefiles/2017-Gasto-Devengado.csv,2026-09-08
2017,GASTOS VARIABLES Y OCASIONALES,5857017.0,6453931.0,6362769.02,6362768.52,6304456.11,6303848.48,97.68,MEF Datos Abiertos – Presupuesto y Ejecución de Gasto (Devengado),https://fs.datosabiertos.mef.gob.pe/datastorefiles/2017-Gasto-Devengado.csv,2026-09-08
2017,INVERSIONES INTANGIBLES,12991.0,15725.0,225.0,225.0,225.0,225.0,1.43,MEF Datos Abiertos – Presupuesto y Ejecución de Gasto (Devengado),https://fs.datosabiertos.mef.gob.pe/datastorefiles/2017-Gasto-Devengado.csv,2026-09-08
2017,MATERIALES Y  UTILES,7768192.0,7267895.0,7102258.91,7102258.37,7102085.04,7087564.72,97.72,MEF Datos Abiertos – Presupuesto y Ejecución de Gasto (Devengado),https://fs.datosabiertos.mef.gob.pe/datastorefiles/2017-Gasto-Devengado.csv,2026-09-08
2017,MATERIALES Y UTILES DE ENSEÑANZA,1288680.0,1770725.0,1562748.44,1525064.44,1525064.44,1524855.84,86.13,MEF Datos Abiertos – Presupuesto y Ejecución de Gasto (Devengado),https://fs.datosabiertos.mef.gob.pe/datastorefiles/2017-Gasto-Devengado.csv,2026-09-08
2017,OBLIGACIONES DEL EMPLEADOR,2088963.0,2092098.0,2070332.58,2062440.92,2062440.92,2062440.92,98.58,MEF Datos Abiertos – Presupuesto y Ejecución de Gasto (Devengado),https://fs.datosabiertos.mef.gob.pe/datastorefiles/2017-Gasto-Devengado.csv,2026-09-08
2017,OTROS GASTOS DE ACTIVOS NO FINANCIEROS,0.0,316750.0,310135.0,280079.0,280079.0,280079.0,88.42,MEF Datos Abiertos – Presupuesto y Ejecución de Gasto (Devengado),https://fs.datosabiertos.mef.gob.pe/datastorefiles/2017-Gasto-Devengado.csv,2026-09-08
2017,PAGO DE SENTENCIAS JUDICIALES Y LAUDOS ARBITRALES,40883.0,3214070.0,2921087.94,2921087.94,2915723.44,2915723.44,90.72,MEF Datos Abiertos – Presupuesto y Ejecución de Gasto (Devengado),https://fs.datosabiertos.mef.gob.pe/datastorefiles/2017-Gasto-Devengado.csv,2026-09-08
2017,PENSIONES,19980195.0,20902941.0,20702286.8,20702286.8,20622104.83,20610906.59,98.66,MEF Datos Abiertos – Presupuesto y Ejecución de Gasto (Devengado),https://fs.datosabiertos.mef.gob.pe/datastorefiles/2017-Gasto-Devengado.csv,2026-09-08
2017,PERSONAL ADMINISTRATIVO,32255462.0,29945660.0,29766587.74,29766587.74,29716508.6,29689132.48,99.23,MEF Datos Abiertos – Presupuesto y Ejecución de Gasto (Devengado),https://fs.datosabiertos.mef.gob.pe/datastorefiles/2017-Gasto-Devengado.csv,2026-09-08
2017,PERSONAL OBRERO,0.0,0.0,0.0,0.0,0.0,0.0,,MEF Datos Abiertos – Presupuesto y Ejecución de Gasto (Devengado),https://fs.datosabiertos.mef.gob.pe/datastorefiles/2017-Gasto-Devengado.csv,2026-09-08
2017,REPUESTOS Y ACCESORIOS,161972.0,202737.0,191554.85,191554.03,191554.03,191531.03,94.48,MEF Datos Abiertos – Presupuesto y Ejecución de Gasto (Devengado),https://fs.datosabiertos.mef.gob.pe/datastorefiles/2017-Gasto-Devengado.csv,2026-09-08
2017,RETRIBUCIONES EN BIENES O SERVICIOS,559558.0,1420237.0,1414255.26,1404040.26,1404040.26,1404040.26,98.86,MEF Datos Abiertos – Presupuesto y Ejecución de Gasto (Devengado),https://fs.datosabiertos.mef.gob.pe/datastorefiles/2017-Gasto-Devengado.csv,2026-09-08
2017,"SERVICIO DE MANTENIMIENTO, ACONDICIONAMIENTO Y  REPARACIONES",6642255.0,9311995.0,9078006.77,8958572.38,8956188.78,8935650.5,96.18,MEF Datos Abiertos – Presupuesto y Ejecución de Gasto (Devengado),https://fs.datosabiertos.mef.gob.pe/datastorefiles/2017-Gasto-Devengado.csv,2026-09-08
2017,"SERVICIOS ADMINISTRATIVOS, FINANCIEROS Y DE SEGUROS",2940771.0,1386715.0,1349523.83,1333263.72,1333263.72,1332603.72,96.15,MEF Datos Abiertos – Presupuesto y Ejecución de Gasto (Devengado),https://fs.datosabiertos.mef.gob.pe/datastorefiles/2017-Gasto-Devengado.csv,2026-09-08
2017,"SERVICIOS BASICOS, COMUNICACIONES, PUBLICIDAD Y DIFUSION",8191435.0,11910968.0,11352702.16,11157065.79,11156945.79,11069879.33,93.67,MEF Datos Abiertos – Presupuesto y Ejecución de Gasto (Devengado),https://fs.datosabiertos.mef.gob.pe/datastorefiles/2017-Gasto-Devengado.csv,2026-09-08
2017,"SERVICIOS DE LIMPIEZA, SEGURIDAD Y VIGILANCIA",7531232.0,11925270.0,11898552.85,11898551.5,11894913.26,11894413.26,99.75,MEF Datos Abiertos – Presupuesto y Ejecución de Gasto (Devengado),https://fs.datosabiertos.mef.gob.pe/datastorefiles/2017-Gasto-Devengado.csv,2026-09-08
2017,SERVICIOS PROFESIONALES Y TECNICOS,49622522.0,39769157.0,37977948.26,37787094.25,37782045.11,37718923.41,95.0,MEF Datos Abiertos – Presupuesto y Ejecución de Gasto (Devengado),https://fs.datosabiertos.mef.gob.pe/datastorefiles/2017-Gasto-Devengado.csv,2026-09-08
2017,SUBVENCIONES FINANCIERAS,16655551.0,4777801.0,4776846.0,4776846.0,4776846.0,4776846.0,99.98,MEF Datos Abiertos – Presupuesto y Ejecución de Gasto (Devengado),https://fs.datosabiertos.mef.gob.pe/datastorefiles/2017-Gasto-Devengado.csv,2026-09-08
2017,SUMINISTROS MEDICOS,1110285.0,959236.0,922537.6,922286.06,922286.06,919153.52,96.15,MEF Datos Abiertos – Presupuesto y Ejecución de Gasto (Devengado),https://fs.datosabiertos.mef.gob.pe/datastorefiles/2017-Gasto-Devengado.csv,2026-09-08
2017,SUMINISTROS PARA MANTENIMIENTO Y REPARACION,437600.0,850945.0,833850.75,832349.81,832349.81,825335.11,97.81,MEF Datos Abiertos – Presupuesto y Ejecución de Gasto (Devengado),https://fs.datosabiertos.mef.gob.pe/datastorefiles/2017-Gasto-Devengado.csv,2026-09-08
2017,"SUMINISTROS PARA USO AGROPECUARIO, FORESTAL Y VETERINARIO",170.0,2769.0,2766.6,2766.6,2766.6,2766.6,99.91,MEF Datos Abiertos – Presupuesto y Ejecución de Gasto (Devengado),https://fs.datosabiertos.mef.gob.pe/datastorefiles/2017-Gasto-Devengado.csv,2026-09-08
2017,VESTUARIOS Y TEXTILES,2004642.0,2187239.0,2075685.92,2075351.2,2075351.2,2074985.91,94.88,MEF Datos Abiertos – Presupuesto y Ejecución de Gasto (Devengado),https://fs.datosabiertos.mef.gob.pe/datastorefiles/2017-Gasto-Devengado.csv,2026-09-08
2017,VIAJES,12566170.0,10221339.0,9403905.23,9396561.9,9395911.9,9049824.24,91.92,MEF Datos Abiertos – Presupuesto y Ejecución de Gasto (Devengado),https://fs.datosabiertos.mef.gob.pe/datastorefiles/2017-Gasto-Devengado.csv,2026-09-08
2018,A OTRAS UNIDADES DEL GOBIERNO,6272000.0,6324225.0,6324222.4,6319633.57,6319633.57,6309099.99,99.93,MEF Datos Abiertos – Presupuesto y Ejecución de Gasto (Devengado),https://fs.datosabiertos.mef.gob.pe/datastorefiles/2018-Gasto-Devengado.csv,2026-09-08
2018,"ADQUISICION DE MAQUINARIAS, EQUIPO Y MOBILIARIO",6170527.0,9770989.0,8469795.62,8267341.75,8267341.73,8265501.73,84.61,MEF Datos Abiertos – Presupuesto y Ejecución de Gasto (Devengado),https://fs.datosabiertos.mef.gob.pe/datastorefiles/2018-Gasto-Devengado.csv,2026-09-08
2018,ADQUISICION DE OTROS ACTIVOS FIJOS,0.0,803034.0,764611.71,748667.71,610798.71,610798.71,76.06,MEF Datos Abiertos – Presupuesto y Ejecución de Gasto (Devengado),https://fs.datosabiertos.mef.gob.pe/datastorefiles/2018-Gasto-Devengado.csv,2026-09-08
2018,ADQUISICION DE VEHICULOS,400000.0,0.0,0.0,0.0,0.0,0.0,,MEF Datos Abiertos – Presupuesto y Ejecución de Gasto (Devengado),https://fs.datosabiertos.mef.gob.pe/datastorefiles/2018-Gasto-Devengado.csv,2026-09-08
2018,AL GOBIERNO LOCAL,85000.0,474637.0,453675.28,452850.22,444892.73,435586.09,93.73,MEF Datos Abiertos – Presupuesto y Ejecución de Gasto (Devengado),https://fs.datosabiertos.mef.gob.pe/datastorefiles/2018-Gasto-Devengado.csv,2026-09-08
2018,AL GOBIERNO NACIONAL,0.0,21415.0,9187.78,9187.35,9187.35,9187.35,42.9,MEF Datos Abiertos – Presupuesto y Ejecución de Gasto (Devengado),https://fs.datosabiertos.mef.gob.pe/datastorefiles/2018-Gasto-Devengado.csv,2026-09-08
2018,ALIMENTOS Y BEBIDAS,737464.0,1381426.0,1360570.2,1355907.08,1355907.08,1333509.41,98.15,MEF Datos Abiertos – Presupuesto y Ejecución de Gasto (Devengado),https://fs.datosabiertos.mef.gob.pe/datastorefiles/2018-Gasto-Devengado.csv,2026-09-08
2018,ALQUILERES DE MUEBLES E INMUEBLES,1200043.0,2159935.0,2147700.56,2094305.25,2093496.77,2062906.77,96.92,MEF Datos Abiertos – Presupuesto y Ejecución de Gasto (Devengado),https://fs.datosabiertos.mef.gob.pe/datastorefiles/2018-Gasto-Devengado.csv,2026-09-08
2018,ASISTENCIA SOCIAL EN PENSIONES E INDEMNIZACIONES,122400.0,125472.0,125471.04,125073.66,125073.66,125073.66,99.68,MEF Datos Abiertos – Presupuesto y Ejecución de Gasto (Devengado),https://fs.datosabiertos.mef.gob.pe/datastorefiles/2018-Gasto-Devengado.csv,2026-09-08
2018,"COMBUSTIBLES, CARBURANTES, LUBRICANTES Y AFINES",1088201.0,1607832.0,1592293.04,1539598.44,1532815.61,1514574.38,95.33,MEF Datos Abiertos – Presupuesto y Ejecución de Gasto (Devengado),https://fs.datosabiertos.mef.gob.pe/datastorefiles/2018-Gasto-Devengado.csv,2026-09-08
2018,COMPRA DE OTROS BIENES,1798313.0,2972632.0,2880794.71,2875554.26,2875554.26,2734618.82,96.73,MEF Datos Abiertos – Presupuesto y Ejecución de Gasto (Devengado),https://fs.datosabiertos.mef.gob.pe/datastorefiles/2018-Gasto-Devengado.csv,2026-09-08
2018,CONTRATO ADMINISTRATIVO DE SERVICIOS,221934107.0,223891882.0,221666559.7,221665744.02,221636547.24,221319012.3,98.99,MEF Datos Abiertos – Presupuesto y Ejecución de Gasto (Devengado),https://fs.datosabiertos.mef.gob.pe/datastorefiles/2018-Gasto-Devengado.csv,2026-09-08
2018,EDIFICIOS O UNIDADES NO RESIDENCIALES,1472216.0,1949464.0,1883204.28,1883204.28,1883204.28,1883204.28,96.6,MEF Datos Abiertos – Presupuesto y Ejecución de Gasto (Devengado),https://fs.datosabiertos.mef.gob.pe/datastorefiles/2018-Gasto-Devengado.csv,2026-09-08
2018,ENSERES,355230.0,845586.0,787919.58,785676.04,785676.04,735407.64,92.91,MEF Datos Abiertos – Presupuesto y Ejecución de Gasto (Devengado),https://fs.datosabiertos.mef.gob.pe/datastorefiles/2018-Gasto-Devengado.csv,2026-09-08
2018,ENTREGA DE BIENES Y SERVICIOS,40083296.0,22847065.0,22832831.85,22423296.62,22156554.39,22060121.99,96.98,MEF Datos Abiertos – Presupuesto y Ejecución de Gasto (Devengado),https://fs.datosabiertos.mef.gob.pe/datastorefiles/2018-Gasto-Devengado.csv,2026-09-08
2018,GASTOS VARIABLES Y OCASIONALES,6747555.0,7174363.0,7047876.01,7047816.4,7033856.04,7032300.47,98.04,MEF Datos Abiertos – Presupuesto y Ejecución de Gasto (Devengado),https://fs.datosabiertos.mef.gob.pe/datastorefiles/2018-Gasto-Devengado.csv,2026-09-08
2018,INVERSIONES INTANGIBLES,31340.0,68140.0,66290.0,66290.0,66290.0,66290.0,97.29,MEF Datos Abiertos – Presupuesto y Ejecución de Gasto (Devengado),https://fs.datosabiertos.mef.gob.pe/datastorefiles/2018-Gasto-Devengado.csv,2026-09-08
2018,MATERIALES Y  UTILES,8523780.0,8454416.0,8130581.68,8052125.51,8052125.51,8004320.56,95.24,MEF Datos Abiertos – Presupuesto y Ejecución de Gasto (Devengado),https://fs.datosabiertos.mef.gob.pe/datastorefiles/2018-Gasto-Devengado.csv,2026-09-08
2018,MATERIALES Y UTILES DE ENSEÑANZA,1317375.0,1667174.0,1239950.9,1207337.8,1207337.8,1170858.68,72.42,MEF Datos Abiertos – Presupuesto y Ejecución de Gasto (Devengado),https://fs.datosabiertos.mef.gob.pe/datastorefiles/2018-Gasto-Devengado.csv,2026-09-08
2018,OBLIGACIONES DEL EMPLEADOR,2367870.0,2111151.0,2043835.44,2043746.47,1990106.89,1990106.89,94.27,MEF Datos Abiertos – Presupuesto y Ejecución de Gasto (Devengado),https://fs.datosabiertos.mef.gob.pe/datastorefiles/2018-Gasto-Devengado.csv,2026-09-08
2018,OTROS GASTOS DE ACTIVOS NO FINANCIEROS,184000.0,214696.0,214694.64,214694.64,214694.64,214694.64,100.0,MEF Datos Abiertos – Presupuesto y Ejecución de Gasto (Devengado),https://fs.datosabiertos.mef.gob.pe/datastorefiles/2018-Gasto-Devengado.csv,2026-09-08
2018,PAGO DE SENTENCIAS JUDICIALES Y LAUDOS ARBITRALES,1290117.0,3875937.0,3833935.36,3746139.49,3746139.49,3746139.49,96.65,MEF Datos Abiertos – Presupuesto y Ejecución de Gasto (Devengado),https://fs.datosabiertos.mef.gob.pe/datastorefiles/2018-Gasto-Devengado.csv,2026-09-08
2018,PENSIONES,20347513.0,20572241.0,20542005.38,20536112.4,20533375.45,20531065.57,99.81,MEF Datos Abiertos – Presupuesto y Ejecución de Gasto (Devengado),https://fs.datosabiertos.mef.gob.pe/datastorefiles/2018-Gasto-Devengado.csv,2026-09-08
2018,PERSONAL ADMINISTRATIVO,31306847.0,28877574.0,28604314.33,28527076.53,28520485.23,28512592.58,98.76,MEF Datos Abiertos – Presupuesto y Ejecución de Gasto (Devengado),https://fs.datosabiertos.mef.gob.pe/datastorefiles/2018-Gasto-Devengado.csv,2026-09-08
2018,REPUESTOS Y ACCESORIOS,141112.0,204530.0,182384.09,182362.99,182362.99,181050.99,89.16,MEF Datos Abiertos – Presupuesto y Ejecución de Gasto (Devengado),https://fs.datosabiertos.mef.gob.pe/datastorefiles/2018-Gasto-Devengado.csv,2026-09-08
2018,RETRIBUCIONES EN BIENES O SERVICIOS,1668728.0,2072714.0,2072388.7,2063476.05,2063476.05,2063476.05,99.55,MEF Datos Abiertos – Presupuesto y Ejecución de Gasto (Devengado),https://fs.datosabiertos.mef.gob.pe/datastorefiles/2018-Gasto-Devengado.csv,2026-09-08
2018,"SERVICIO DE MANTENIMIENTO, ACONDICIONAMIENTO Y  REPARACIONES",2825617.0,7856734.0,7470073.31,7390098.67,7370129.42,7280934.8,93.81,MEF Datos Abiertos – Presupuesto y Ejecución de Gasto (Devengado),https://fs.datosabiertos.mef.gob.pe/datastorefiles/2018-Gasto-Devengado.csv,2026-09-08
2018,"SERVICIOS ADMINISTRATIVOS, FINANCIEROS Y DE SEGUROS",1730100.0,1419454.0,1408267.54,1405684.47,1400514.47,1398656.96,98.67,MEF Datos Abiertos – Presupuesto y Ejecución de Gasto (Devengado),https://fs.datosabiertos.mef.gob.pe/datastorefiles/2018-Gasto-Devengado.csv,2026-09-08
2018,"SERVICIOS BASICOS, COMUNICACIONES, PUBLICIDAD Y DIFUSION",7769203.0,8424453.0,7745225.63,7663199.01,7557934.78,7388331.74,89.71,MEF Datos Abiertos – Presupuesto y Ejecución de Gasto (Devengado),https://fs.datosabiertos.mef.gob.pe/datastorefiles/2018-Gasto-Devengado.csv,2026-09-08
2018,"SERVICIOS DE LIMPIEZA, SEGURIDAD Y VIGILANCIA",13678980.0,11507383.0,11497016.02,11431370.16,11431053.64,11431053.64,99.34,MEF Datos Abiertos – Presupuesto y Ejecución de Gasto (Devengado),https://fs.datosabiertos.mef.gob.pe/datastorefiles/2018-Gasto-Devengado.csv,2026-09-08
2018,SERVICIOS PROFESIONALES Y TECNICOS,46468356.0,48056932.0,47237062.01,46789399.94,46747297.7,46597541.97,97.27,MEF Datos Abiertos – Presupuesto y Ejecución de Gasto (Devengado),https://fs.datosabiertos.mef.gob.pe/datastorefiles/2018-Gasto-Devengado.csv,2026-09-08
2018,SUMINISTROS MEDICOS,1195618.0,755919.0,751121.96,737127.74,737127.74,722935.75,97.51,MEF Datos Abiertos – Presupuesto y Ejecución de Gasto (Devengado),https://fs.datosabiertos.mef.gob.pe/datastorefiles/2018-Gasto-Devengado.csv,2026-09-08
2018,SUMINISTROS PARA MANTENIMIENTO Y REPARACION,432458.0,754190.0,746843.62,742092.63,742092.63,738058.93,98.4,MEF Datos Abiertos – Presupuesto y Ejecución de Gasto (Devengado),https://fs.datosabiertos.mef.gob.pe/datastorefiles/2018-Gasto-Devengado.csv,2026-09-08
2018,"SUMINISTROS PARA USO AGROPECUARIO, FORESTAL Y VETERINARIO",170.0,3692.0,3490.6,3490.6,3490.6,3140.6,94.54,MEF Datos Abiertos – Presupuesto y Ejecución de Gasto (Devengado),https://fs.datosabiertos.mef.gob.pe/datastorefiles/2018-Gasto-Devengado.csv,2026-09-08
2018,VESTUARIOS Y TEXTILES,5357006.0,4316387.0,4242004.95,4223613.35,4223613.35,4183897.95,97.85,MEF Datos Abiertos – Presupuesto y Ejecución de Gasto (Devengado),https://fs.datosabiertos.mef.gob.pe/datastorefiles/2018-Gasto-Devengado.csv,2026-09-08
2018,VIAJES,8724409.0,10864909.0,10319978.49,10206058.98,10205579.93,9814048.72,93.93,MEF Datos Abiertos – Presupuesto y Ejecución de Gasto (Devengado),https://fs.datosabiertos.mef.gob.pe/datastorefiles/2018-Gasto-Devengado.csv,2026-09-08
2019,A OTRAS UNIDADES DEL GOBIERNO,6198380.0,2403684.0,2403681.29,2403680.29,2403680.29,2378412.19,100.0,MEF Datos Abiertos – Presupuesto y Ejecución de Gasto (Devengado),https://fs.datosabiertos.mef.gob.pe/datastorefiles/2019-Gasto-Devengado.csv,2026-09-08
2019,"ADQUISICION DE MAQUINARIAS, EQUIPO Y MOBILIARIO",5232392.0,15910238.0,15371315.14,15309244.5,15266526.59,15266526.59,95.95,MEF Datos Abiertos – Presupuesto y Ejecución de Gasto (Devengado),https://fs.datosabiertos.mef.gob.pe/datastorefiles/2019-Gasto-Devengado.csv,2026-09-08
2019,ADQUISICION DE OTROS ACTIVOS FIJOS,120000.0,672479.0,649729.65,615143.39,615143.39,615143.39,91.47,MEF Datos Abiertos – Presupuesto y Ejecución de Gasto (Devengado),https://fs.datosabiertos.mef.gob.pe/datastorefiles/2019-Gasto-Devengado.csv,2026-09-08
2019,ADQUISICION DE VEHICULOS,1320000.0,1612830.0,1610276.2,1365380.2,1365380.2,1365380.2,84.66,MEF Datos Abiertos – Presupuesto y Ejecución de Gasto (Devengado),https://fs.datosabiertos.mef.gob.pe/datastorefiles/2019-Gasto-Devengado.csv,2026-09-08
2019,AL GOBIERNO LOCAL,85000.0,350695.0,333812.71,333304.83,333304.83,329107.99,95.04,MEF Datos Abiertos – Presupuesto y Ejecución de Gasto (Devengado),https://fs.datosabiertos.mef.gob.pe/datastorefiles/2019-Gasto-Devengado.csv,2026-09-08
2019,AL GOBIERNO NACIONAL,0.0,29532.0,29531.31,29531.31,29531.31,26686.02,100.0,MEF Datos Abiertos – Presupuesto y Ejecución de Gasto (Devengado),https://fs.datosabiertos.mef.gob.pe/datastorefiles/2019-Gasto-Devengado.csv,2026-09-08
2019,ALIMENTOS Y BEBIDAS,1045888.0,1835875.0,1759945.63,1752358.53,1751636.85,1729110.37,95.41,MEF Datos Abiertos – Presupuesto y Ejecución de Gasto (Devengado),https://fs.datosabiertos.mef.gob.pe/datastorefiles/2019-Gasto-Devengado.csv,2026-09-08
2019,ALQUILERES DE MUEBLES E INMUEBLES,1528913.0,3456108.0,3366524.98,3294917.72,3246917.72,3214548.6,93.95,MEF Datos Abiertos – Presupuesto y Ejecución de Gasto (Devengado),https://fs.datosabiertos.mef.gob.pe/datastorefiles/2019-Gasto-Devengado.csv,2026-09-08
2019,ASISTENCIA SOCIAL EN PENSIONES E INDEMNIZACIONES,122321.0,116074.0,116073.66,115977.86,115977.86,115977.86,99.92,MEF Datos Abiertos – Presupuesto y Ejecución de Gasto (Devengado),https://fs.datosabiertos.mef.gob.pe/datastorefiles/2019-Gasto-Devengado.csv,2026-09-08
2019,"COMBUSTIBLES, CARBURANTES, LUBRICANTES Y AFINES",1857591.0,1706294.0,1666061.63,1649310.35,1640712.18,1619350.07,96.16,MEF Datos Abiertos – Presupuesto y Ejecución de Gasto (Devengado),https://fs.datosabiertos.mef.gob.pe/datastorefiles/2019-Gasto-Devengado.csv,2026-09-08
2019,COMPRA DE OTROS BIENES,1042123.0,7904178.0,7694490.11,6746757.83,6746757.83,6599699.19,85.36,MEF Datos Abiertos – Presupuesto y Ejecución de Gasto (Devengado),https://fs.datosabiertos.mef.gob.pe/datastorefiles/2019-Gasto-Devengado.csv,2026-09-08
2019,CONTRATO ADMINISTRATIVO DE SERVICIOS,291187542.0,298578744.0,294692045.86,294507330.26,294498214.96,294245894.04,98.63,MEF Datos Abiertos – Presupuesto y Ejecución de Gasto (Devengado),https://fs.datosabiertos.mef.gob.pe/datastorefiles/2019-Gasto-Devengado.csv,2026-09-08
2019,EDIFICIOS O UNIDADES NO RESIDENCIALES,7857606.0,10434447.0,10418103.15,10418103.15,8951183.52,8951183.52,85.78,MEF Datos Abiertos – Presupuesto y Ejecución de Gasto (Devengado),https://fs.datosabiertos.mef.gob.pe/datastorefiles/2019-Gasto-Devengado.csv,2026-09-08
2019,ENSERES,453069.0,717435.0,666190.99,665573.19,665532.79,653992.49,92.77,MEF Datos Abiertos – Presupuesto y Ejecución de Gasto (Devengado),https://fs.datosabiertos.mef.gob.pe/datastorefiles/2019-Gasto-Devengado.csv,2026-09-08
2019,ENTREGA DE BIENES Y SERVICIOS,39401140.0,34577105.0,33464556.27,33218740.13,33202535.66,33119578.62,96.02,MEF Datos Abiertos – Presupuesto y Ejecución de Gasto (Devengado),https://fs.datosabiertos.mef.gob.pe/datastorefiles/2019-Gasto-Devengado.csv,2026-09-08
2019,GASTOS VARIABLES Y OCASIONALES,7059610.0,8284012.0,8263407.69,8263389.21,8174013.8,8173285.54,98.67,MEF Datos Abiertos – Presupuesto y Ejecución de Gasto (Devengado),https://fs.datosabiertos.mef.gob.pe/datastorefiles/2019-Gasto-Devengado.csv,2026-09-08
2019,MATERIALES Y  UTILES,5890478.0,13341492.0,12737593.36,12492321.6,12491891.7,12413775.31,93.63,MEF Datos Abiertos – Presupuesto y Ejecución de Gasto (Devengado),https://fs.datosabiertos.mef.gob.pe/datastorefiles/2019-Gasto-Devengado.csv,2026-09-08
2019,MATERIALES Y UTILES DE ENSEÑANZA,3714691.0,1638241.0,1528972.09,1475567.98,1475567.98,1460630.33,90.07,MEF Datos Abiertos – Presupuesto y Ejecución de Gasto (Devengado),https://fs.datosabiertos.mef.gob.pe/datastorefiles/2019-Gasto-Devengado.csv,2026-09-08
2019,OBLIGACIONES DEL EMPLEADOR,2160677.0,2511403.0,2438029.63,2437478.68,2437478.68,2437478.68,97.06,MEF Datos Abiertos – Presupuesto y Ejecución de Gasto (Devengado),https://fs.datosabiertos.mef.gob.pe/datastorefiles/2019-Gasto-Devengado.csv,2026-09-08
2019,OTROS GASTOS DE ACTIVOS NO FINANCIEROS,3331524.0,680180.0,667773.37,667773.37,557357.87,557357.87,81.94,MEF Datos Abiertos – Presupuesto y Ejecución de Gasto (Devengado),https://fs.datosabiertos.mef.gob.pe/datastorefiles/2019-Gasto-Devengado.csv,2026-09-08
2019,PAGO DE SENTENCIAS JUDICIALES Y LAUDOS ARBITRALES,1290117.0,5263182.0,5263182.0,5263181.03,5254581.03,5254581.03,99.84,MEF Datos Abiertos – Presupuesto y Ejecución de Gasto (Devengado),https://fs.datosabiertos.mef.gob.pe/datastorefiles/2019-Gasto-Devengado.csv,2026-09-08
2019,PENSIONES,20882060.0,7541207.0,7524502.3,7473305.8,7472217.8,7471074.34,99.09,MEF Datos Abiertos – Presupuesto y Ejecución de Gasto (Devengado),https://fs.datosabiertos.mef.gob.pe/datastorefiles/2019-Gasto-Devengado.csv,2026-09-08
2019,PERSONAL ADMINISTRATIVO,31317713.0,30496017.0,30421118.53,30410481.0,30409863.58,30399250.16,99.72,MEF Datos Abiertos – Presupuesto y Ejecución de Gasto (Devengado),https://fs.datosabiertos.mef.gob.pe/datastorefiles/2019-Gasto-Devengado.csv,2026-09-08
2019,REPUESTOS Y ACCESORIOS,235420.0,290663.0,241876.16,241875.78,241103.18,238590.78,82.95,MEF Datos Abiertos – Presupuesto y Ejecución de Gasto (Devengado),https://fs.datosabiertos.mef.gob.pe/datastorefiles/2019-Gasto-Devengado.csv,2026-09-08
2019,RETRIBUCIONES EN BIENES O SERVICIOS,2106978.0,1610444.0,1563409.96,1522928.21,1522928.21,1522928.21,94.57,MEF Datos Abiertos – Presupuesto y Ejecución de Gasto (Devengado),https://fs.datosabiertos.mef.gob.pe/datastorefiles/2019-Gasto-Devengado.csv,2026-09-08
2019,"SERVICIO DE MANTENIMIENTO, ACONDICIONAMIENTO Y  REPARACIONES",2923630.0,6034522.0,5716511.48,5696613.26,5670912.26,5648745.18,93.97,MEF Datos Abiertos – Presupuesto y Ejecución de Gasto (Devengado),https://fs.datosabiertos.mef.gob.pe/datastorefiles/2019-Gasto-Devengado.csv,2026-09-08
2019,"SERVICIOS ADMINISTRATIVOS, FINANCIEROS Y DE SEGUROS",1592141.0,1294166.0,1268489.52,1218508.59,1207068.59,1207068.59,93.27,MEF Datos Abiertos – Presupuesto y Ejecución de Gasto (Devengado),https://fs.datosabiertos.mef.gob.pe/datastorefiles/2019-Gasto-Devengado.csv,2026-09-08
2019,"SERVICIOS BASICOS, COMUNICACIONES, PUBLICIDAD Y DIFUSION",7578504.0,11872187.0,10867686.3,10702378.91,10673633.11,10491099.4,89.9,MEF Datos Abiertos – Presupuesto y Ejecución de Gasto (Devengado),https://fs.datosabiertos.mef.gob.pe/datastorefiles/2019-Gasto-Devengado.csv,2026-09-08
2019,"SERVICIOS DE LIMPIEZA, SEGURIDAD Y VIGILANCIA",11677511.0,12240564.0,12191235.3,12093870.18,12058036.54,12057486.54,98.51,MEF Datos Abiertos – Presupuesto y Ejecución de Gasto (Devengado),https://fs.datosabiertos.mef.gob.pe/datastorefiles/2019-Gasto-Devengado.csv,2026-09-08
2019,SERVICIOS PROFESIONALES Y TECNICOS,262002054.0,81201302.0,76318345.13,75841117.44,75822788.49,75244555.1,93.38,MEF Datos Abiertos – Presupuesto y Ejecución de Gasto (Devengado),https://fs.datosabiertos.mef.gob.pe/datastorefiles/2019-Gasto-Devengado.csv,2026-09-08
2019,SUMINISTROS MEDICOS,1558937.0,824735.0,789706.52,784119.45,783218.14,770185.98,94.97,MEF Datos Abiertos – Presupuesto y Ejecución de Gasto (Devengado),https://fs.datosabiertos.mef.gob.pe/datastorefiles/2019-Gasto-Devengado.csv,2026-09-08
2019,SUMINISTROS PARA MANTENIMIENTO Y REPARACION,472641.0,713510.0,562682.31,562678.62,562643.62,540632.92,78.86,MEF Datos Abiertos – Presupuesto y Ejecución de Gasto (Devengado),https://fs.datosabiertos.mef.gob.pe/datastorefiles/2019-Gasto-Devengado.csv,2026-09-08
2019,"SUMINISTROS PARA USO AGROPECUARIO, FORESTAL Y VETERINARIO",170.0,5157.0,4902.5,4902.5,4902.5,3402.5,95.06,MEF Datos Abiertos – Presupuesto y Ejecución de Gasto (Devengado),https://fs.datosabiertos.mef.gob.pe/datastorefiles/2019-Gasto-Devengado.csv,2026-09-08
2019,VESTUARIOS Y TEXTILES,2963661.0,5106492.0,4882764.6,3910500.5,3910500.5,3895464.61,76.58,MEF Datos Abiertos – Presupuesto y Ejecución de Gasto (Devengado),https://fs.datosabiertos.mef.gob.pe/datastorefiles/2019-Gasto-Devengado.csv,2026-09-08
2019,VIAJES,6435162.0,13932298.0,12821832.35,12750146.43,12722382.93,12140888.11,91.32,MEF Datos Abiertos – Presupuesto y Ejecución de Gasto (Devengado),https://fs.datosabiertos.mef.gob.pe/datastorefiles/2019-Gasto-Devengado.csv,2026-09-08
2020,A OTRAS UNIDADES DEL GOBIERNO,0.0,741192.0,732113.16,732113.16,732113.16,732113.16,98.78,MEF Datos Abiertos – Presupuesto y Ejecución de Gasto (Devengado),https://fs.datosabiertos.mef.gob.pe/datastorefiles/2020-Gasto-Devengado.csv,2026-09-08
2020,"ADQUISICION DE MAQUINARIAS, EQUIPO Y MOBILIARIO",5491867.0,12335420.0,9622536.89,9499364.02,9475574.02,9475574.02,76.82,MEF Datos Abiertos – Presupuesto y Ejecución de Gasto (Devengado),https://fs.datosabiertos.mef.gob.pe/datastorefiles/2020-Gasto-Devengado.csv,2026-09-08
2020,ADQUISICION DE OTROS ACTIVOS FIJOS,0.0,969319.0,552765.79,552765.79,552765.79,552765.79,57.03,MEF Datos Abiertos – Presupuesto y Ejecución de Gasto (Devengado),https://fs.datosabiertos.mef.gob.pe/datastorefiles/2020-Gasto-Devengado.csv,2026-09-08
2020,ADQUISICION DE VEHICULOS,0.0,646896.0,571469.8,555147.83,555147.83,555147.83,85.82,MEF Datos Abiertos – Presupuesto y Ejecución de Gasto (Devengado),https://fs.datosabiertos.mef.gob.pe/datastorefiles/2020-Gasto-Devengado.csv,2026-09-08
2020,AL GOBIERNO LOCAL,0.0,352719.0,319872.4,319282.87,319282.87,318734.34,90.52,MEF Datos Abiertos – Presupuesto y Ejecución de Gasto (Devengado),https://fs.datosabiertos.mef.gob.pe/datastorefiles/2020-Gasto-Devengado.csv,2026-09-08
2020,AL GOBIERNO NACIONAL,0.0,45989.0,45985.8,45985.8,45985.8,44695.8,99.99,MEF Datos Abiertos – Presupuesto y Ejecución de Gasto (Devengado),https://fs.datosabiertos.mef.gob.pe/datastorefiles/2020-Gasto-Devengado.csv,2026-09-08
2020,ALIMENTOS Y BEBIDAS,3145334.0,686487.0,459713.28,443227.91,442687.91,433969.03,64.49,MEF Datos Abiertos – Presupuesto y Ejecución de Gasto (Devengado),https://fs.datosabiertos.mef.gob.pe/datastorefiles/2020-Gasto-Devengado.csv,2026-09-08
2020,ALQUILERES DE MUEBLES E INMUEBLES,2657481.0,5299774.0,3768445.8,3742157.31,3742157.31,3697521.31,70.61,MEF Datos Abiertos – Presupuesto y Ejecución de Gasto (Devengado),https://fs.datosabiertos.mef.gob.pe/datastorefiles/2020-Gasto-Devengado.csv,2026-09-08
2020,ASISTENCIA SOCIAL EN PENSIONES E INDEMNIZACIONES,122321.0,110321.0,107911.81,107911.81,107911.81,107911.81,97.82,MEF Datos Abiertos – Presupuesto y Ejecución de Gasto (Devengado),https://fs.datosabiertos.mef.gob.pe/datastorefiles/2020-Gasto-Devengado.csv,2026-09-08
2020,"COMBUSTIBLES, CARBURANTES, LUBRICANTES Y AFINES",2169220.0,1268814.0,1149668.26,1134536.22,1134536.22,1118179.45,89.42,MEF Datos Abiertos – Presupuesto y Ejecución de Gasto (Devengado),https://fs.datosabiertos.mef.gob.pe/datastorefiles/2020-Gasto-Devengado.csv,2026-09-08
2020,COMPRA DE OTROS BIENES,2740981.0,2069515.0,2023015.36,2018989.72,2018989.72,1900092.84,97.56,MEF Datos Abiertos – Presupuesto y Ejecución de Gasto (Devengado),https://fs.datosabiertos.mef.gob.pe/datastorefiles/2020-Gasto-Devengado.csv,2026-09-08
2020,CONTRATO ADMINISTRATIVO DE SERVICIOS,339925493.0,335012996.0,333592380.39,333547450.3,333510431.15,333360858.71,99.55,MEF Datos Abiertos – Presupuesto y Ejecución de Gasto (Devengado),https://fs.datosabiertos.mef.gob.pe/datastorefiles/2020-Gasto-Devengado.csv,2026-09-08
2020,EDIFICIOS O UNIDADES NO RESIDENCIALES,23130619.0,15349855.0,15343236.87,15301711.49,15301711.49,15301711.49,99.69,MEF Datos Abiertos – Presupuesto y Ejecución de Gasto (Devengado),https://fs.datosabiertos.mef.gob.pe/datastorefiles/2020-Gasto-Devengado.csv,2026-09-08
2020,ENSERES,394875.0,417395.0,380063.76,361247.74,359888.38,356125.38,86.22,MEF Datos Abiertos – Presupuesto y Ejecución de Gasto (Devengado),https://fs.datosabiertos.mef.gob.pe/datastorefiles/2020-Gasto-Devengado.csv,2026-09-08
2020,ENTREGA DE BIENES Y SERVICIOS,21647772.0,19760862.0,18979703.48,18654915.13,18653296.83,18537643.2,94.4,MEF Datos Abiertos – Presupuesto y Ejecución de Gasto (Devengado),https://fs.datosabiertos.mef.gob.pe/datastorefiles/2020-Gasto-Devengado.csv,2026-09-08
2020,GASTOS VARIABLES Y OCASIONALES,13543523.0,7929704.0,7766085.95,7766064.33,7766063.71,7766063.71,97.94,MEF Datos Abiertos – Presupuesto y Ejecución de Gasto (Devengado),https://fs.datosabiertos.mef.gob.pe/datastorefiles/2020-Gasto-Devengado.csv,2026-09-08
2020,INVERSIONES INTANGIBLES,32003.0,0.0,0.0,0.0,0.0,0.0,,MEF Datos Abiertos – Presupuesto y Ejecución de Gasto (Devengado),https://fs.datosabiertos.mef.gob.pe/datastorefiles/2020-Gasto-Devengado.csv,2026-09-08
2020,MATERIALES Y  UTILES,9151410.0,5609603.0,5287651.27,5225257.09,5223234.09,5193549.55,93.11,MEF Datos Abiertos – Presupuesto y Ejecución de Gasto (Devengado),https://fs.datosabiertos.mef.gob.pe/datastorefiles/2020-Gasto-Devengado.csv,2026-09-08
2020,MATERIALES Y UTILES DE ENSEÑANZA,1451809.0,992776.0,854368.17,833303.61,833303.61,825245.9,83.94,MEF Datos Abiertos – Presupuesto y Ejecución de Gasto (Devengado),https://fs.datosabiertos.mef.gob.pe/datastorefiles/2020-Gasto-Devengado.csv,2026-09-08
2020,OBLIGACIONES DEL EMPLEADOR,2685171.0,2654581.0,2536457.9,2519585.79,2519585.79,2519585.79,94.91,MEF Datos Abiertos – Presupuesto y Ejecución de Gasto (Devengado),https://fs.datosabiertos.mef.gob.pe/datastorefiles/2020-Gasto-Devengado.csv,2026-09-08
2020,OTRAS ESTRUCTURAS,0.0,0.0,0.0,0.0,0.0,0.0,,MEF Datos Abiertos – Presupuesto y Ejecución de Gasto (Devengado),https://fs.datosabiertos.mef.gob.pe/datastorefiles/2020-Gasto-Devengado.csv,2026-09-08
2020,OTROS GASTOS DE ACTIVOS NO FINANCIEROS,742645.0,881555.0,854225.13,640069.54,640069.54,640069.54,72.61,MEF Datos Abiertos – Presupuesto y Ejecución de Gasto (Devengado),https://fs.datosabiertos.mef.gob.pe/datastorefiles/2020-Gasto-Devengado.csv,2026-09-08
2020,PAGO DE SENTENCIAS JUDICIALES Y LAUDOS ARBITRALES,0.0,3409127.0,3379126.7,3379125.75,3379125.75,3379125.75,99.12,MEF Datos Abiertos – Presupuesto y Ejecución de Gasto (Devengado),https://fs.datosabiertos.mef.gob.pe/datastorefiles/2020-Gasto-Devengado.csv,2026-09-08
2020,PENSIONES,9392755.0,7477531.0,7438130.66,7436878.54,7435723.12,7425743.06,99.44,MEF Datos Abiertos – Presupuesto y Ejecución de Gasto (Devengado),https://fs.datosabiertos.mef.gob.pe/datastorefiles/2020-Gasto-Devengado.csv,2026-09-08
2020,PERSONAL ADMINISTRATIVO,32309786.0,35075565.0,33748758.98,33748607.5,33746887.66,33723546.12,96.21,MEF Datos Abiertos – Presupuesto y Ejecución de Gasto (Devengado),https://fs.datosabiertos.mef.gob.pe/datastorefiles/2020-Gasto-Devengado.csv,2026-09-08
2020,REPUESTOS Y ACCESORIOS,141475.0,426991.0,392422.62,392422.62,392422.62,392422.62,91.9,MEF Datos Abiertos – Presupuesto y Ejecución de Gasto (Devengado),https://fs.datosabiertos.mef.gob.pe/datastorefiles/2020-Gasto-Devengado.csv,2026-09-08
2020,RETRIBUCIONES EN BIENES O SERVICIOS,2244290.0,1188917.0,1156066.26,1154795.5,1154795.5,1154795.5,97.13,MEF Datos Abiertos – Presupuesto y Ejecución de Gasto (Devengado),https://fs.datosabiertos.mef.gob.pe/datastorefiles/2020-Gasto-Devengado.csv,2026-09-08
2020,"SERVICIO DE MANTENIMIENTO, ACONDICIONAMIENTO Y  REPARACIONES",4010806.0,4220160.0,3342345.02,3321179.18,3318179.18,3311629.18,78.63,MEF Datos Abiertos – Presupuesto y Ejecución de Gasto (Devengado),https://fs.datosabiertos.mef.gob.pe/datastorefiles/2020-Gasto-Devengado.csv,2026-09-08
2020,"SERVICIOS ADMINISTRATIVOS, FINANCIEROS Y DE SEGUROS",1505243.0,857151.0,840984.05,840929.03,840929.03,840429.03,98.11,MEF Datos Abiertos – Presupuesto y Ejecución de Gasto (Devengado),https://fs.datosabiertos.mef.gob.pe/datastorefiles/2020-Gasto-Devengado.csv,2026-09-08
2020,"SERVICIOS BASICOS, COMUNICACIONES, PUBLICIDAD Y DIFUSION",9557321.0,7794293.0,6588664.73,6557969.47,6557766.17,6434956.47,84.14,MEF Datos Abiertos – Presupuesto y Ejecución de Gasto (Devengado),https://fs.datosabiertos.mef.gob.pe/datastorefiles/2020-Gasto-Devengado.csv,2026-09-08
2020,"SERVICIOS DE LIMPIEZA, SEGURIDAD Y VIGILANCIA",14390025.0,13968910.0,13760782.07,13755378.35,13755378.35,13755178.35,98.47,MEF Datos Abiertos – Presupuesto y Ejecución de Gasto (Devengado),https://fs.datosabiertos.mef.gob.pe/datastorefiles/2020-Gasto-Devengado.csv,2026-09-08
2020,SERVICIOS PROFESIONALES Y TECNICOS,212748222.0,74778032.0,70267887.55,69447437.54,69378501.59,69142721.8,92.78,MEF Datos Abiertos – Presupuesto y Ejecución de Gasto (Devengado),https://fs.datosabiertos.mef.gob.pe/datastorefiles/2020-Gasto-Devengado.csv,2026-09-08
2020,SUBVENCIONES FINANCIERAS,0.0,638900.0,563100.0,553500.0,553500.0,553500.0,86.63,MEF Datos Abiertos – Presupuesto y Ejecución de Gasto (Devengado),https://fs.datosabiertos.mef.gob.pe/datastorefiles/2020-Gasto-Devengado.csv,2026-09-08
2020,SUMINISTROS MEDICOS,1756274.0,4426997.0,3991485.95,3947192.02,3946904.72,3940204.07,89.16,MEF Datos Abiertos – Presupuesto y Ejecución de Gasto (Devengado),https://fs.datosabiertos.mef.gob.pe/datastorefiles/2020-Gasto-Devengado.csv,2026-09-08
2020,SUMINISTROS PARA MANTENIMIENTO Y REPARACION,493195.0,279755.0,230061.48,212625.21,212625.21,210488.01,76.0,MEF Datos Abiertos – Presupuesto y Ejecución de Gasto (Devengado),https://fs.datosabiertos.mef.gob.pe/datastorefiles/2020-Gasto-Devengado.csv,2026-09-08
2020,"SUMINISTROS PARA USO AGROPECUARIO, FORESTAL Y VETERINARIO",0.0,0.0,0.0,0.0,0.0,0.0,,MEF Datos Abiertos – Presupuesto y Ejecución de Gasto (Devengado),https://fs.datosabiertos.mef.gob.pe/datastorefiles/2020-Gasto-Devengado.csv,2026-09-08
2020,VESTUARIOS Y TEXTILES,2173227.0,4121047.0,3808584.15,3805778.34,3805625.34,3768269.34,92.35,MEF Datos Abiertos – Presupuesto y Ejecución de Gasto (Devengado),https://fs.datosabiertos.mef.gob.pe/datastorefiles/2020-Gasto-Devengado.csv,2026-09-08
2020,VIAJES,12608131.0,4653471.0,4306561.36,4235629.03,4232169.13,3989995.59,90.95,MEF Datos Abiertos – Presupuesto y Ejecución de Gasto (Devengado),https://fs.datosabiertos.mef.gob.pe/datastorefiles/2020-Gasto-Devengado.csv,2026-09-08
2021,A ORGANISMOS INTERNACIONALES,0.0,0.0,0.0,0.0,0.0,0.0,,MEF Datos Abiertos – Presupuesto y Ejecución de Gasto (Devengado),https://fs.datosabiertos.mef.gob.pe/datastorefiles/2021-Gasto-Devengado.csv,2026-09-08
2021,A OTRAS UNIDADES DEL GOBIERNO,10000000.0,392389.0,392389.0,392389.0,392389.0,392389.0,100.0,MEF Datos Abiertos – Presupuesto y Ejecución de Gasto (Devengado),https://fs.datosabiertos.mef.gob.pe/datastorefiles/2021-Gasto-Devengado.csv,2026-09-08
2021,"ADQUISICION DE MAQUINARIAS, EQUIPO Y MOBILIARIO",2597250.0,8935786.0,6465379.17,6257690.52,6257690.52,6257690.52,70.03,MEF Datos Abiertos – Presupuesto y Ejecución de Gasto (Devengado),https://fs.datosabiertos.mef.gob.pe/datastorefiles/2021-Gasto-Devengado.csv,2026-09-08
2021,ADQUISICION DE OTROS ACTIVOS FIJOS,0.0,622226.0,306641.61,306641.61,306641.61,306641.61,49.28,MEF Datos Abiertos – Presupuesto y Ejecución de Gasto (Devengado),https://fs.datosabiertos.mef.gob.pe/datastorefiles/2021-Gasto-Devengado.csv,2026-09-08
2021,AL GOBIERNO LOCAL,0.0,422305.0,381960.71,368433.76,368433.76,339505.39,87.24,MEF Datos Abiertos – Presupuesto y Ejecución de Gasto (Devengado),https://fs.datosabiertos.mef.gob.pe/datastorefiles/2021-Gasto-Devengado.csv,2026-09-08
2021,AL GOBIERNO NACIONAL,0.0,164805.0,121930.75,116028.95,116028.95,114085.91,70.4,MEF Datos Abiertos – Presupuesto y Ejecución de Gasto (Devengado),https://fs.datosabiertos.mef.gob.pe/datastorefiles/2021-Gasto-Devengado.csv,2026-09-08
2021,ALIMENTOS Y BEBIDAS,1701813.0,540274.0,490729.64,477566.22,477566.22,475778.96,88.39,MEF Datos Abiertos – Presupuesto y Ejecución de Gasto (Devengado),https://fs.datosabiertos.mef.gob.pe/datastorefiles/2021-Gasto-Devengado.csv,2026-09-08
2021,ALQUILERES DE MUEBLES E INMUEBLES,6205341.0,7097900.0,6600218.4,6585572.26,6585572.26,6585572.26,92.78,MEF Datos Abiertos – Presupuesto y Ejecución de Gasto (Devengado),https://fs.datosabiertos.mef.gob.pe/datastorefiles/2021-Gasto-Devengado.csv,2026-09-08
2021,ASISTENCIA SOCIAL EN PENSIONES E INDEMNIZACIONES,122328.0,107649.0,107649.0,106385.94,106385.94,106385.94,98.83,MEF Datos Abiertos – Presupuesto y Ejecución de Gasto (Devengado),https://fs.datosabiertos.mef.gob.pe/datastorefiles/2021-Gasto-Devengado.csv,2026-09-08
2021,"COMBUSTIBLES, CARBURANTES, LUBRICANTES Y AFINES",2410527.0,1292266.0,1128205.94,1097507.66,1097507.66,1097008.6,84.93,MEF Datos Abiertos – Presupuesto y Ejecución de Gasto (Devengado),https://fs.datosabiertos.mef.gob.pe/datastorefiles/2021-Gasto-Devengado.csv,2026-09-08
2021,COMPRA DE OTROS BIENES,2576219.0,2155429.0,2025595.47,2013484.99,2013484.99,1936928.8,93.41,MEF Datos Abiertos – Presupuesto y Ejecución de Gasto (Devengado),https://fs.datosabiertos.mef.gob.pe/datastorefiles/2021-Gasto-Devengado.csv,2026-09-08
2021,CONTRATO ADMINISTRATIVO DE SERVICIOS,405061929.0,380074419.0,377356664.18,376971226.09,376968977.94,376923546.43,99.18,MEF Datos Abiertos – Presupuesto y Ejecución de Gasto (Devengado),https://fs.datosabiertos.mef.gob.pe/datastorefiles/2021-Gasto-Devengado.csv,2026-09-08
2021,EDIFICIOS O UNIDADES NO RESIDENCIALES,6956335.0,5430175.0,5293403.96,5293403.96,5293403.96,5293403.96,97.48,MEF Datos Abiertos – Presupuesto y Ejecución de Gasto (Devengado),https://fs.datosabiertos.mef.gob.pe/datastorefiles/2021-Gasto-Devengado.csv,2026-09-08
2021,ENSERES,565180.0,456504.0,424610.24,413971.03,413971.03,413971.03,90.68,MEF Datos Abiertos – Presupuesto y Ejecución de Gasto (Devengado),https://fs.datosabiertos.mef.gob.pe/datastorefiles/2021-Gasto-Devengado.csv,2026-09-08
2021,ENTREGA DE BIENES Y SERVICIOS,25350845.0,20214521.0,19228956.42,19122979.16,19122979.16,19122979.16,94.6,MEF Datos Abiertos – Presupuesto y Ejecución de Gasto (Devengado),https://fs.datosabiertos.mef.gob.pe/datastorefiles/2021-Gasto-Devengado.csv,2026-09-08
2021,GASTOS VARIABLES Y OCASIONALES,8149395.0,8197857.0,7922359.74,7854184.59,7854184.59,7854184.57,95.81,MEF Datos Abiertos – Presupuesto y Ejecución de Gasto (Devengado),https://fs.datosabiertos.mef.gob.pe/datastorefiles/2021-Gasto-Devengado.csv,2026-09-08
2021,LOCACIÓN DE SERVICIOS RELACIONADAS AL ROL DE LA ENTIDAD,45624423.0,58466336.0,56999876.99,56986676.99,56986676.99,56986676.99,97.47,MEF Datos Abiertos – Presupuesto y Ejecución de Gasto (Devengado),https://fs.datosabiertos.mef.gob.pe/datastorefiles/2021-Gasto-Devengado.csv,2026-09-08
2021,MATERIALES Y  UTILES,21527420.0,5119341.0,4528426.45,4466062.52,4466001.16,4460681.07,87.24,MEF Datos Abiertos – Presupuesto y Ejecución de Gasto (Devengado),https://fs.datosabiertos.mef.gob.pe/datastorefiles/2021-Gasto-Devengado.csv,2026-09-08
2021,MATERIALES Y UTILES DE ENSEÑANZA,1648173.0,260348.0,233504.84,223525.8,223525.8,223525.8,85.86,MEF Datos Abiertos – Presupuesto y Ejecución de Gasto (Devengado),https://fs.datosabiertos.mef.gob.pe/datastorefiles/2021-Gasto-Devengado.csv,2026-09-08
2021,OBLIGACIONES DEL EMPLEADOR,2747917.0,2594754.0,2480696.21,2467564.67,2467564.67,2467494.67,95.1,MEF Datos Abiertos – Presupuesto y Ejecución de Gasto (Devengado),https://fs.datosabiertos.mef.gob.pe/datastorefiles/2021-Gasto-Devengado.csv,2026-09-08
2021,OTROS GASTOS DE ACTIVOS NO FINANCIEROS,600000.0,915605.0,914382.65,914382.65,914382.65,909760.59,99.87,MEF Datos Abiertos – Presupuesto y Ejecución de Gasto (Devengado),https://fs.datosabiertos.mef.gob.pe/datastorefiles/2021-Gasto-Devengado.csv,2026-09-08
2021,PAGO DE SENTENCIAS JUDICIALES Y LAUDOS ARBITRALES,0.0,2098058.0,2098054.9,2098054.9,2098054.9,2098054.21,100.0,MEF Datos Abiertos – Presupuesto y Ejecución de Gasto (Devengado),https://fs.datosabiertos.mef.gob.pe/datastorefiles/2021-Gasto-Devengado.csv,2026-09-08
2021,PENSIONES,7625980.0,7691611.0,7413716.29,7393727.73,7393727.73,7393727.73,96.13,MEF Datos Abiertos – Presupuesto y Ejecución de Gasto (Devengado),https://fs.datosabiertos.mef.gob.pe/datastorefiles/2021-Gasto-Devengado.csv,2026-09-08
2021,PERSONAL ADMINISTRATIVO,36697054.0,33356950.0,33073461.05,32783077.4,32782122.79,32779789.05,98.28,MEF Datos Abiertos – Presupuesto y Ejecución de Gasto (Devengado),https://fs.datosabiertos.mef.gob.pe/datastorefiles/2021-Gasto-Devengado.csv,2026-09-08
2021,REPUESTOS Y ACCESORIOS,206771.0,592394.0,384134.33,378868.35,378868.35,378868.35,63.96,MEF Datos Abiertos – Presupuesto y Ejecución de Gasto (Devengado),https://fs.datosabiertos.mef.gob.pe/datastorefiles/2021-Gasto-Devengado.csv,2026-09-08
2021,RETRIBUCIONES EN BIENES O SERVICIOS,2642876.0,1087191.0,1009605.36,1009605.36,1009605.36,1009605.36,92.86,MEF Datos Abiertos – Presupuesto y Ejecución de Gasto (Devengado),https://fs.datosabiertos.mef.gob.pe/datastorefiles/2021-Gasto-Devengado.csv,2026-09-08
2021,"SERVICIO DE MANTENIMIENTO, ACONDICIONAMIENTO Y  REPARACIONES",1503971.0,4219881.0,3688258.33,3667492.28,3667492.28,3660597.79,86.91,MEF Datos Abiertos – Presupuesto y Ejecución de Gasto (Devengado),https://fs.datosabiertos.mef.gob.pe/datastorefiles/2021-Gasto-Devengado.csv,2026-09-08
2021,"SERVICIOS ADMINISTRATIVOS, FINANCIEROS Y DE SEGUROS",1020379.0,1030755.0,960340.71,926646.46,926646.46,920827.49,89.9,MEF Datos Abiertos – Presupuesto y Ejecución de Gasto (Devengado),https://fs.datosabiertos.mef.gob.pe/datastorefiles/2021-Gasto-Devengado.csv,2026-09-08
2021,"SERVICIOS BASICOS, COMUNICACIONES, PUBLICIDAD Y DIFUSION",7475969.0,11227559.0,10036499.71,9998154.52,9998154.52,9998154.52,89.05,MEF Datos Abiertos – Presupuesto y Ejecución de Gasto (Devengado),https://fs.datosabiertos.mef.gob.pe/datastorefiles/2021-Gasto-Devengado.csv,2026-09-08
2021,"SERVICIOS DE LIMPIEZA, SEGURIDAD Y VIGILANCIA",16923933.0,13296133.0,13205227.0,13205226.94,13205226.94,13205226.94,99.32,MEF Datos Abiertos – Presupuesto y Ejecución de Gasto (Devengado),https://fs.datosabiertos.mef.gob.pe/datastorefiles/2021-Gasto-Devengado.csv,2026-09-08
2021,SERVICIOS PROFESIONALES Y TECNICOS,28817029.0,19567460.0,18099232.77,17961479.86,17961479.86,17841175.86,91.79,MEF Datos Abiertos – Presupuesto y Ejecución de Gasto (Devengado),https://fs.datosabiertos.mef.gob.pe/datastorefiles/2021-Gasto-Devengado.csv,2026-09-08
2021,SUBVENCIONES FINANCIERAS,26673764.0,22150886.0,20906860.0,20906860.0,20906260.0,20906260.0,94.38,MEF Datos Abiertos – Presupuesto y Ejecución de Gasto (Devengado),https://fs.datosabiertos.mef.gob.pe/datastorefiles/2021-Gasto-Devengado.csv,2026-09-08
2021,SUMINISTROS MEDICOS,3182933.0,2206810.0,1802308.41,1729767.69,1729767.69,1729683.19,78.38,MEF Datos Abiertos – Presupuesto y Ejecución de Gasto (Devengado),https://fs.datosabiertos.mef.gob.pe/datastorefiles/2021-Gasto-Devengado.csv,2026-09-08
2021,SUMINISTROS PARA MANTENIMIENTO Y REPARACION,717373.0,375388.0,308841.14,302837.88,302837.88,302837.88,80.67,MEF Datos Abiertos – Presupuesto y Ejecución de Gasto (Devengado),https://fs.datosabiertos.mef.gob.pe/datastorefiles/2021-Gasto-Devengado.csv,2026-09-08
2021,VESTUARIOS Y TEXTILES,6179278.0,2139429.0,2009209.0,1993744.9,1993744.9,1993744.9,93.19,MEF Datos Abiertos – Presupuesto y Ejecución de Gasto (Devengado),https://fs.datosabiertos.mef.gob.pe/datastorefiles/2021-Gasto-Devengado.csv,2026-09-08
2021,VIAJES,13839050.0,6394863.0,6087894.97,5957906.31,5957906.31,5814740.67,93.17,MEF Datos Abiertos – Presupuesto y Ejecución de Gasto (Devengado),https://fs.datosabiertos.mef.gob.pe/datastorefiles/2021-Gasto-Devengado.csv,2026-09-08
2022,A OTRAS UNIDADES DEL GOBIERNO,0.0,816521.0,816520.28,816520.28,816520.28,816520.28,100.0,MEF Datos Abiertos – Presupuesto y Ejecución de Gasto (Devengado),https://fs.datosabiertos.mef.gob.pe/datastorefiles/2022-Gasto-Devengado.csv,2026-09-08
2022,"ADQUISICION DE MAQUINARIAS, EQUIPO Y MOBILIARIO",8505832.0,17805293.0,15977780.2,15969401.54,15968728.54,15968728.54,89.69,MEF Datos Abiertos – Presupuesto y Ejecución de Gasto (Devengado),https://fs.datosabiertos.mef.gob.pe/datastorefiles/2022-Gasto-Devengado.csv,2026-09-08
2022,ADQUISICION DE OTROS ACTIVOS FIJOS,0.0,628408.0,627415.54,627415.54,627415.54,627415.54,99.84,MEF Datos Abiertos – Presupuesto y Ejecución de Gasto (Devengado),https://fs.datosabiertos.mef.gob.pe/datastorefiles/2022-Gasto-Devengado.csv,2026-09-08
2022,ADQUISICION DE VEHICULOS,361741.0,641415.0,641414.0,641414.0,641414.0,641414.0,100.0,MEF Datos Abiertos – Presupuesto y Ejecución de Gasto (Devengado),https://fs.datosabiertos.mef.gob.pe/datastorefiles/2022-Gasto-Devengado.csv,2026-09-08
2022,AL GOBIERNO LOCAL,650000.0,509473.0,461730.46,461334.96,461334.96,427772.82,90.55,MEF Datos Abiertos – Presupuesto y Ejecución de Gasto (Devengado),https://fs.datosabiertos.mef.gob.pe/datastorefiles/2022-Gasto-Devengado.csv,2026-09-08
2022,AL GOBIERNO NACIONAL,216213.0,159343.0,122726.5,122674.9,122674.9,119718.9,76.99,MEF Datos Abiertos – Presupuesto y Ejecución de Gasto (Devengado),https://fs.datosabiertos.mef.gob.pe/datastorefiles/2022-Gasto-Devengado.csv,2026-09-08
2022,ALIMENTOS Y BEBIDAS,544736.0,581237.0,537557.38,532606.16,532606.16,529886.27,91.63,MEF Datos Abiertos – Presupuesto y Ejecución de Gasto (Devengado),https://fs.datosabiertos.mef.gob.pe/datastorefiles/2022-Gasto-Devengado.csv,2026-09-08
2022,ALQUILERES DE MUEBLES E INMUEBLES,8265676.0,6291629.0,6078359.52,6077359.52,6077359.52,6076328.05,96.59,MEF Datos Abiertos – Presupuesto y Ejecución de Gasto (Devengado),https://fs.datosabiertos.mef.gob.pe/datastorefiles/2022-Gasto-Devengado.csv,2026-09-08
2022,ASISTENCIA SOCIAL EN PENSIONES E INDEMNIZACIONES,119063.0,107928.0,104537.87,104537.87,104537.87,104537.87,96.86,MEF Datos Abiertos – Presupuesto y Ejecución de Gasto (Devengado),https://fs.datosabiertos.mef.gob.pe/datastorefiles/2022-Gasto-Devengado.csv,2026-09-08
2022,"COMBUSTIBLES, CARBURANTES, LUBRICANTES Y AFINES",2286101.0,2128961.0,1934022.6,1861343.41,1861343.41,1858028.98,87.43,MEF Datos Abiertos – Presupuesto y Ejecución de Gasto (Devengado),https://fs.datosabiertos.mef.gob.pe/datastorefiles/2022-Gasto-Devengado.csv,2026-09-08
2022,COMPRA DE OTROS BIENES,3483738.0,3215076.0,3096448.05,3095697.52,3095697.52,3040969.24,96.29,MEF Datos Abiertos – Presupuesto y Ejecución de Gasto (Devengado),https://fs.datosabiertos.mef.gob.pe/datastorefiles/2022-Gasto-Devengado.csv,2026-09-08
2022,CONTRATO ADMINISTRATIVO DE SERVICIOS,372910417.0,398902664.0,397280080.4,395826184.24,395807535.98,395598978.99,99.22,MEF Datos Abiertos – Presupuesto y Ejecución de Gasto (Devengado),https://fs.datosabiertos.mef.gob.pe/datastorefiles/2022-Gasto-Devengado.csv,2026-09-08
2022,EDIFICIOS O UNIDADES NO RESIDENCIALES,6457804.0,4269892.0,3696662.58,3696662.58,3696662.58,3696662.58,86.58,MEF Datos Abiertos – Presupuesto y Ejecución de Gasto (Devengado),https://fs.datosabiertos.mef.gob.pe/datastorefiles/2022-Gasto-Devengado.csv,2026-09-08
2022,ENSERES,723913.0,174592.0,160674.07,159583.78,159583.78,159483.78,91.4,MEF Datos Abiertos – Presupuesto y Ejecución de Gasto (Devengado),https://fs.datosabiertos.mef.gob.pe/datastorefiles/2022-Gasto-Devengado.csv,2026-09-08
2022,ENTREGA DE BIENES Y SERVICIOS,26067163.0,23934780.0,23476345.28,23110695.21,23110695.21,23107984.76,96.56,MEF Datos Abiertos – Presupuesto y Ejecución de Gasto (Devengado),https://fs.datosabiertos.mef.gob.pe/datastorefiles/2022-Gasto-Devengado.csv,2026-09-08
2022,GASTOS VARIABLES Y OCASIONALES,7597237.0,8017756.0,7617149.66,7554579.91,7554579.91,7554579.91,94.22,MEF Datos Abiertos – Presupuesto y Ejecución de Gasto (Devengado),https://fs.datosabiertos.mef.gob.pe/datastorefiles/2022-Gasto-Devengado.csv,2026-09-08
2022,LOCACIÓN DE SERVICIOS RELACIONADAS AL ROL DE LA ENTIDAD,86931631.0,72429698.0,71145996.98,71116072.98,71116072.98,71111072.98,98.19,MEF Datos Abiertos – Presupuesto y Ejecución de Gasto (Devengado),https://fs.datosabiertos.mef.gob.pe/datastorefiles/2022-Gasto-Devengado.csv,2026-09-08
2022,MATERIALES Y  UTILES,10848607.0,9684157.0,9226628.74,9194312.33,9177306.19,9157357.47,94.77,MEF Datos Abiertos – Presupuesto y Ejecución de Gasto (Devengado),https://fs.datosabiertos.mef.gob.pe/datastorefiles/2022-Gasto-Devengado.csv,2026-09-08
2022,MATERIALES Y UTILES DE ENSEÑANZA,2323987.0,686428.0,640817.65,639600.98,639600.98,639500.98,93.18,MEF Datos Abiertos – Presupuesto y Ejecución de Gasto (Devengado),https://fs.datosabiertos.mef.gob.pe/datastorefiles/2022-Gasto-Devengado.csv,2026-09-08
2022,OBLIGACIONES DEL EMPLEADOR,2594995.0,2516962.0,2438290.64,2385135.64,2385135.64,2385135.64,94.76,MEF Datos Abiertos – Presupuesto y Ejecución de Gasto (Devengado),https://fs.datosabiertos.mef.gob.pe/datastorefiles/2022-Gasto-Devengado.csv,2026-09-08
2022,OTROS GASTOS DE ACTIVOS NO FINANCIEROS,895750.0,1529026.0,1203393.06,1203393.06,1203393.06,1203393.06,78.7,MEF Datos Abiertos – Presupuesto y Ejecución de Gasto (Devengado),https://fs.datosabiertos.mef.gob.pe/datastorefiles/2022-Gasto-Devengado.csv,2026-09-08
2022,PAGO DE SENTENCIAS JUDICIALES Y LAUDOS ARBITRALES,0.0,1891124.0,1875191.49,1875191.49,1875191.49,1873217.01,99.16,MEF Datos Abiertos – Presupuesto y Ejecución de Gasto (Devengado),https://fs.datosabiertos.mef.gob.pe/datastorefiles/2022-Gasto-Devengado.csv,2026-09-08
2022,PENSIONES,7101923.0,7769911.0,7641986.59,7628720.03,7628720.03,7628704.78,98.18,MEF Datos Abiertos – Presupuesto y Ejecución de Gasto (Devengado),https://fs.datosabiertos.mef.gob.pe/datastorefiles/2022-Gasto-Devengado.csv,2026-09-08
2022,PERSONAL ADMINISTRATIVO,35454869.0,32228306.0,31637315.25,31532082.55,31527582.55,31527082.59,97.83,MEF Datos Abiertos – Presupuesto y Ejecución de Gasto (Devengado),https://fs.datosabiertos.mef.gob.pe/datastorefiles/2022-Gasto-Devengado.csv,2026-09-08
2022,PRESTACIONES DE SALUD Y OTROS BENEFICIOS,3691961.0,3290160.0,3269167.73,3268414.86,3268414.86,3268414.86,99.34,MEF Datos Abiertos – Presupuesto y Ejecución de Gasto (Devengado),https://fs.datosabiertos.mef.gob.pe/datastorefiles/2022-Gasto-Devengado.csv,2026-09-08
2022,REPUESTOS Y ACCESORIOS,183247.0,316701.0,274468.8,274221.3,274221.3,274036.7,86.59,MEF Datos Abiertos – Presupuesto y Ejecución de Gasto (Devengado),https://fs.datosabiertos.mef.gob.pe/datastorefiles/2022-Gasto-Devengado.csv,2026-09-08
2022,RETRIBUCIONES EN BIENES O SERVICIOS,2695780.0,2217754.0,2210574.57,2020211.62,2020211.62,2020211.62,91.09,MEF Datos Abiertos – Presupuesto y Ejecución de Gasto (Devengado),https://fs.datosabiertos.mef.gob.pe/datastorefiles/2022-Gasto-Devengado.csv,2026-09-08
2022,"SERVICIO DE MANTENIMIENTO, ACONDICIONAMIENTO Y  REPARACIONES",2927471.0,6195474.0,5534340.93,5533951.93,5533618.52,5530626.52,89.32,MEF Datos Abiertos – Presupuesto y Ejecución de Gasto (Devengado),https://fs.datosabiertos.mef.gob.pe/datastorefiles/2022-Gasto-Devengado.csv,2026-09-08
2022,"SERVICIOS ADMINISTRATIVOS, FINANCIEROS Y DE SEGUROS",1175153.0,1745437.0,1671725.29,1670718.86,1670718.86,1670221.11,95.72,MEF Datos Abiertos – Presupuesto y Ejecución de Gasto (Devengado),https://fs.datosabiertos.mef.gob.pe/datastorefiles/2022-Gasto-Devengado.csv,2026-09-08
2022,"SERVICIOS BASICOS, COMUNICACIONES, PUBLICIDAD Y DIFUSION",10315583.0,11418864.0,10631894.89,10578804.5,10578804.5,10576746.1,92.64,MEF Datos Abiertos – Presupuesto y Ejecución de Gasto (Devengado),https://fs.datosabiertos.mef.gob.pe/datastorefiles/2022-Gasto-Devengado.csv,2026-09-08
2022,"SERVICIOS DE LIMPIEZA, SEGURIDAD Y VIGILANCIA",15480646.0,15869764.0,15674848.96,15672944.24,15672944.24,15672657.87,98.76,MEF Datos Abiertos – Presupuesto y Ejecución de Gasto (Devengado),https://fs.datosabiertos.mef.gob.pe/datastorefiles/2022-Gasto-Devengado.csv,2026-09-08
2022,SERVICIOS PROFESIONALES Y TECNICOS,37197727.0,21365717.0,19505421.4,19478578.25,19474527.29,19291445.7,91.15,MEF Datos Abiertos – Presupuesto y Ejecución de Gasto (Devengado),https://fs.datosabiertos.mef.gob.pe/datastorefiles/2022-Gasto-Devengado.csv,2026-09-08
2022,SUBVENCIONES FINANCIERAS,36810466.0,62422237.0,62389496.11,62252296.11,62250088.11,62250088.11,99.72,MEF Datos Abiertos – Presupuesto y Ejecución de Gasto (Devengado),https://fs.datosabiertos.mef.gob.pe/datastorefiles/2022-Gasto-Devengado.csv,2026-09-08
2022,SUMINISTROS MEDICOS,6338563.0,783705.0,704539.21,699178.33,699178.33,697668.33,89.21,MEF Datos Abiertos – Presupuesto y Ejecución de Gasto (Devengado),https://fs.datosabiertos.mef.gob.pe/datastorefiles/2022-Gasto-Devengado.csv,2026-09-08
2022,SUMINISTROS PARA MANTENIMIENTO Y REPARACION,90910.0,613454.0,460302.88,450559.74,450559.74,450397.74,73.45,MEF Datos Abiertos – Presupuesto y Ejecución de Gasto (Devengado),https://fs.datosabiertos.mef.gob.pe/datastorefiles/2022-Gasto-Devengado.csv,2026-09-08
2022,"SUMINISTROS PARA USO AGROPECUARIO, FORESTAL Y VETERINARIO",0.0,60.0,60.0,60.0,60.0,60.0,100.0,MEF Datos Abiertos – Presupuesto y Ejecución de Gasto (Devengado),https://fs.datosabiertos.mef.gob.pe/datastorefiles/2022-Gasto-Devengado.csv,2026-09-08
2022,TRANSFERENCIAS CORRIENTES A INSTITUCIONES SIN FINES DE LUCRO.,0.0,0.0,0.0,0.0,0.0,0.0,,MEF Datos Abiertos – Presupuesto y Ejecución de Gasto (Devengado),https://fs.datosabiertos.mef.gob.pe/datastorefiles/2022-Gasto-Devengado.csv,2026-09-08
2022,VESTUARIOS Y TEXTILES,3636534.0,4829809.0,4697974.76,4695382.38,4695382.38,4695182.38,97.22,MEF Datos Abiertos – Presupuesto y Ejecución de Gasto (Devengado),https://fs.datosabiertos.mef.gob.pe/datastorefiles/2022-Gasto-Devengado.csv,2026-09-08
2022,VIAJES,8524612.0,13286475.0,12105097.88,12062763.71,12062763.71,11823637.65,90.79,MEF Datos Abiertos – Presupuesto y Ejecución de Gasto (Devengado),https://fs.datosabiertos.mef.gob.pe/datastorefiles/2022-Gasto-Devengado.csv,2026-09-08
2023,A OTRAS UNIDADES DEL GOBIERNO,0.0,751939.0,751938.03,751938.03,751938.03,751938.03,100.0,MEF Datos Abiertos – Presupuesto y Ejecución de Gasto (Devengado),https://fs.datosabiertos.mef.gob.pe/datastorefiles/2023-Gasto-Devengado.csv,2026-09-08
2023,"ADQUISICION DE MAQUINARIAS, EQUIPO Y MOBILIARIO",4700601.0,19167496.0,18253179.81,18157247.84,18109647.44,18109647.44,94.48,MEF Datos Abiertos – Presupuesto y Ejecución de Gasto (Devengado),https://fs.datosabiertos.mef.gob.pe/datastorefiles/2023-Gasto-Devengado.csv,2026-09-08
2023,ADQUISICION DE OTROS ACTIVOS FIJOS,1602095.0,1896274.0,1896198.3,1896198.3,1896198.3,1896198.3,100.0,MEF Datos Abiertos – Presupuesto y Ejecución de Gasto (Devengado),https://fs.datosabiertos.mef.gob.pe/datastorefiles/2023-Gasto-Devengado.csv,2026-09-08
2023,ADQUISICION DE VEHICULOS,950000.0,2279827.0,2265712.01,2265712.01,2265712.01,2265712.01,99.38,MEF Datos Abiertos – Presupuesto y Ejecución de Gasto (Devengado),https://fs.datosabiertos.mef.gob.pe/datastorefiles/2023-Gasto-Devengado.csv,2026-09-08
2023,AL GOBIERNO LOCAL,175000.0,427719.0,408471.62,404470.69,404470.69,398148.08,94.56,MEF Datos Abiertos – Presupuesto y Ejecución de Gasto (Devengado),https://fs.datosabiertos.mef.gob.pe/datastorefiles/2023-Gasto-Devengado.csv,2026-09-08
2023,AL GOBIERNO NACIONAL,404660.0,224746.0,215874.96,215443.01,213958.01,213484.69,95.2,MEF Datos Abiertos – Presupuesto y Ejecución de Gasto (Devengado),https://fs.datosabiertos.mef.gob.pe/datastorefiles/2023-Gasto-Devengado.csv,2026-09-08
2023,ALIMENTOS Y BEBIDAS,747663.0,2035612.0,1912248.29,1908021.99,1908021.99,1901032.94,93.73,MEF Datos Abiertos – Presupuesto y Ejecución de Gasto (Devengado),https://fs.datosabiertos.mef.gob.pe/datastorefiles/2023-Gasto-Devengado.csv,2026-09-08
2023,ALQUILERES DE MUEBLES E INMUEBLES,6613350.0,10620314.0,10526833.02,10467292.61,10467292.61,10433211.96,98.56,MEF Datos Abiertos – Presupuesto y Ejecución de Gasto (Devengado),https://fs.datosabiertos.mef.gob.pe/datastorefiles/2023-Gasto-Devengado.csv,2026-09-08
2023,ASISTENCIA SOCIAL EN PENSIONES E INDEMNIZACIONES,107928.0,92928.0,91722.6,91722.6,91722.6,91722.6,98.7,MEF Datos Abiertos – Presupuesto y Ejecución de Gasto (Devengado),https://fs.datosabiertos.mef.gob.pe/datastorefiles/2023-Gasto-Devengado.csv,2026-09-08
2023,"COMBUSTIBLES, CARBURANTES, LUBRICANTES Y AFINES",2671479.0,2046395.0,1941284.12,1899634.41,1899634.41,1895248.99,92.83,MEF Datos Abiertos – Presupuesto y Ejecución de Gasto (Devengado),https://fs.datosabiertos.mef.gob.pe/datastorefiles/2023-Gasto-Devengado.csv,2026-09-08
2023,COMPRA DE OTROS BIENES,4935094.0,4491667.0,4458882.39,4457376.79,4457376.79,4420060.77,99.24,MEF Datos Abiertos – Presupuesto y Ejecución de Gasto (Devengado),https://fs.datosabiertos.mef.gob.pe/datastorefiles/2023-Gasto-Devengado.csv,2026-09-08
2023,CONTRATO ADMINISTRATIVO DE SERVICIOS,356732415.0,409963328.0,403749515.15,403435209.42,403434443.8,403219761.57,98.41,MEF Datos Abiertos – Presupuesto y Ejecución de Gasto (Devengado),https://fs.datosabiertos.mef.gob.pe/datastorefiles/2023-Gasto-Devengado.csv,2026-09-08
2023,EDIFICIOS O UNIDADES NO RESIDENCIALES,8502919.0,4068475.0,4012954.29,3896782.55,3896782.55,3896782.55,95.78,MEF Datos Abiertos – Presupuesto y Ejecución de Gasto (Devengado),https://fs.datosabiertos.mef.gob.pe/datastorefiles/2023-Gasto-Devengado.csv,2026-09-08
2023,ENSERES,1171061.0,164253.0,163819.65,163053.65,163053.65,161988.15,99.27,MEF Datos Abiertos – Presupuesto y Ejecución de Gasto (Devengado),https://fs.datosabiertos.mef.gob.pe/datastorefiles/2023-Gasto-Devengado.csv,2026-09-08
2023,ENTREGA DE BIENES Y SERVICIOS,32606291.0,26503625.0,25719009.51,25461854.45,25461854.45,25461844.35,96.07,MEF Datos Abiertos – Presupuesto y Ejecución de Gasto (Devengado),https://fs.datosabiertos.mef.gob.pe/datastorefiles/2023-Gasto-Devengado.csv,2026-09-08
2023,GASTOS POR IMPLEMENTACIÓN DE LA NEGOCIACIÓN COLECTIVA,6036641.0,4241.0,0.0,0.0,0.0,0.0,0.0,MEF Datos Abiertos – Presupuesto y Ejecución de Gasto (Devengado),https://fs.datosabiertos.mef.gob.pe/datastorefiles/2023-Gasto-Devengado.csv,2026-09-08
2023,GASTOS VARIABLES Y OCASIONALES,8060341.0,8286830.0,8038544.64,8002175.89,8002175.89,8002175.89,96.56,MEF Datos Abiertos – Presupuesto y Ejecución de Gasto (Devengado),https://fs.datosabiertos.mef.gob.pe/datastorefiles/2023-Gasto-Devengado.csv,2026-09-08
2023,INVERSIONES INTANGIBLES,0.0,549429.0,549426.06,549426.06,549426.06,549426.06,100.0,MEF Datos Abiertos – Presupuesto y Ejecución de Gasto (Devengado),https://fs.datosabiertos.mef.gob.pe/datastorefiles/2023-Gasto-Devengado.csv,2026-09-08
2023,LOCACIÓN DE SERVICIOS RELACIONADAS AL ROL DE LA ENTIDAD,68746616.0,92392551.0,92001784.32,91937859.32,91937859.32,91929859.32,99.51,MEF Datos Abiertos – Presupuesto y Ejecución de Gasto (Devengado),https://fs.datosabiertos.mef.gob.pe/datastorefiles/2023-Gasto-Devengado.csv,2026-09-08
2023,MATERIALES Y  UTILES,12961914.0,7938313.0,7834610.97,7790828.27,7790529.61,7743858.55,98.14,MEF Datos Abiertos – Presupuesto y Ejecución de Gasto (Devengado),https://fs.datosabiertos.mef.gob.pe/datastorefiles/2023-Gasto-Devengado.csv,2026-09-08
2023,MATERIALES Y UTILES DE ENSEÑANZA,1458605.0,1304191.0,1274987.19,1272091.57,1272091.57,1271078.39,97.54,MEF Datos Abiertos – Presupuesto y Ejecución de Gasto (Devengado),https://fs.datosabiertos.mef.gob.pe/datastorefiles/2023-Gasto-Devengado.csv,2026-09-08
2023,OBLIGACIONES DEL EMPLEADOR,2648819.0,2553586.0,2313426.81,2278214.08,2278214.08,2278214.08,89.22,MEF Datos Abiertos – Presupuesto y Ejecución de Gasto (Devengado),https://fs.datosabiertos.mef.gob.pe/datastorefiles/2023-Gasto-Devengado.csv,2026-09-08
2023,OTRAS ESTRUCTURAS,0.0,0.0,0.0,0.0,0.0,0.0,,MEF Datos Abiertos – Presupuesto y Ejecución de Gasto (Devengado),https://fs.datosabiertos.mef.gob.pe/datastorefiles/2023-Gasto-Devengado.csv,2026-09-08
2023,OTROS GASTOS DE ACTIVOS NO FINANCIEROS,4850313.0,1500123.0,1492121.67,1410412.27,1410412.27,1410412.27,94.02,MEF Datos Abiertos – Presupuesto y Ejecución de Gasto (Devengado),https://fs.datosabiertos.mef.gob.pe/datastorefiles/2023-Gasto-Devengado.csv,2026-09-08
2023,PAGO DE SENTENCIAS JUDICIALES Y LAUDOS ARBITRALES,0.0,3396186.0,3385971.04,3385971.04,3344312.85,3344312.85,98.47,MEF Datos Abiertos – Presupuesto y Ejecución de Gasto (Devengado),https://fs.datosabiertos.mef.gob.pe/datastorefiles/2023-Gasto-Devengado.csv,2026-09-08
2023,PENSIONES,7006238.0,7655678.0,7520772.65,7520772.65,7520772.65,7520772.65,98.24,MEF Datos Abiertos – Presupuesto y Ejecución de Gasto (Devengado),https://fs.datosabiertos.mef.gob.pe/datastorefiles/2023-Gasto-Devengado.csv,2026-09-08
2023,PERSONAL ADMINISTRATIVO,37066040.0,31022805.0,30439366.96,30437909.32,30437909.32,30417969.51,98.11,MEF Datos Abiertos – Presupuesto y Ejecución de Gasto (Devengado),https://fs.datosabiertos.mef.gob.pe/datastorefiles/2023-Gasto-Devengado.csv,2026-09-08
2023,PRESTACIONES DE SALUD Y OTROS BENEFICIOS,3888892.0,3130595.0,3111552.97,3111552.97,3111552.97,3111552.97,99.39,MEF Datos Abiertos – Presupuesto y Ejecución de Gasto (Devengado),https://fs.datosabiertos.mef.gob.pe/datastorefiles/2023-Gasto-Devengado.csv,2026-09-08
2023,REPUESTOS Y ACCESORIOS,155492.0,292262.0,268327.3,267980.25,267980.25,266531.3,91.69,MEF Datos Abiertos – Presupuesto y Ejecución de Gasto (Devengado),https://fs.datosabiertos.mef.gob.pe/datastorefiles/2023-Gasto-Devengado.csv,2026-09-08
2023,RETRIBUCIONES EN BIENES O SERVICIOS,2957614.0,2085852.0,2081395.53,2065063.67,1973013.67,1971645.78,94.59,MEF Datos Abiertos – Presupuesto y Ejecución de Gasto (Devengado),https://fs.datosabiertos.mef.gob.pe/datastorefiles/2023-Gasto-Devengado.csv,2026-09-08
2023,"SERVICIO DE MANTENIMIENTO, ACONDICIONAMIENTO Y  REPARACIONES",6379431.0,12902636.0,12570544.0,12537890.19,12537890.19,12533999.19,97.17,MEF Datos Abiertos – Presupuesto y Ejecución de Gasto (Devengado),https://fs.datosabiertos.mef.gob.pe/datastorefiles/2023-Gasto-Devengado.csv,2026-09-08
2023,"SERVICIOS ADMINISTRATIVOS, FINANCIEROS Y DE SEGUROS",1515313.0,763908.0,758512.28,748483.82,748483.82,744919.75,97.98,MEF Datos Abiertos – Presupuesto y Ejecución de Gasto (Devengado),https://fs.datosabiertos.mef.gob.pe/datastorefiles/2023-Gasto-Devengado.csv,2026-09-08
2023,"SERVICIOS BASICOS, COMUNICACIONES, PUBLICIDAD Y DIFUSION",11860741.0,12592667.0,12022049.03,11890025.07,11888238.45,11863432.32,94.41,MEF Datos Abiertos – Presupuesto y Ejecución de Gasto (Devengado),https://fs.datosabiertos.mef.gob.pe/datastorefiles/2023-Gasto-Devengado.csv,2026-09-08
2023,"SERVICIOS DE LIMPIEZA, SEGURIDAD Y VIGILANCIA",15030533.0,18303937.0,18284958.31,18257735.45,18257735.45,18257735.45,99.75,MEF Datos Abiertos – Presupuesto y Ejecución de Gasto (Devengado),https://fs.datosabiertos.mef.gob.pe/datastorefiles/2023-Gasto-Devengado.csv,2026-09-08
2023,SERVICIOS PROFESIONALES Y TECNICOS,31870335.0,21884798.0,20729495.41,20597395.87,20597395.87,20499032.37,94.12,MEF Datos Abiertos – Presupuesto y Ejecución de Gasto (Devengado),https://fs.datosabiertos.mef.gob.pe/datastorefiles/2023-Gasto-Devengado.csv,2026-09-08
2023,SUBVENCIONES FINANCIERAS,121479880.0,128189406.0,128163462.71,128096164.71,128092155.21,128089755.21,99.92,MEF Datos Abiertos – Presupuesto y Ejecución de Gasto (Devengado),https://fs.datosabiertos.mef.gob.pe/datastorefiles/2023-Gasto-Devengado.csv,2026-09-08
2023,SUMINISTROS MEDICOS,4340614.0,516331.0,504687.14,493111.32,493111.32,480470.93,95.5,MEF Datos Abiertos – Presupuesto y Ejecución de Gasto (Devengado),https://fs.datosabiertos.mef.gob.pe/datastorefiles/2023-Gasto-Devengado.csv,2026-09-08
2023,SUMINISTROS PARA MANTENIMIENTO Y REPARACION,373079.0,954908.0,779553.95,763685.91,763685.91,761383.21,79.97,MEF Datos Abiertos – Presupuesto y Ejecución de Gasto (Devengado),https://fs.datosabiertos.mef.gob.pe/datastorefiles/2023-Gasto-Devengado.csv,2026-09-08
2023,"SUMINISTROS PARA USO AGROPECUARIO, FORESTAL Y VETERINARIO",0.0,2135.0,2134.2,2134.2,2134.2,2134.2,99.96,MEF Datos Abiertos – Presupuesto y Ejecución de Gasto (Devengado),https://fs.datosabiertos.mef.gob.pe/datastorefiles/2023-Gasto-Devengado.csv,2026-09-08
2023,VESTUARIOS Y TEXTILES,4415478.0,3380304.0,3341446.51,3339492.67,3339492.67,3337309.93,98.79,MEF Datos Abiertos – Presupuesto y Ejecución de Gasto (Devengado),https://fs.datosabiertos.mef.gob.pe/datastorefiles/2023-Gasto-Devengado.csv,2026-09-08
2023,VIAJES,14521181.0,14722422.0,14285583.75,14105411.34,14105411.34,13911495.61,95.81,MEF Datos Abiertos – Presupuesto y Ejecución de Gasto (Devengado),https://fs.datosabiertos.mef.gob.pe/datastorefiles/2023-Gasto-Devengado.csv,2026-09-08
2024,A ORGANISMOS INTERNACIONALES,100000.0,0.0,0.0,0.0,0.0,0.0,,MEF Datos Abiertos – Presupuesto y Ejecución de Gasto (Devengado),https://fs.datosabiertos.mef.gob.pe/datastorefiles/2024-Gasto-Devengado.csv,2026-09-08
2024,A OTRAS UNIDADES DEL GOBIERNO,0.0,470777.0,470776.5,470776.5,470776.5,470776.5,100.0,MEF Datos Abiertos – Presupuesto y Ejecución de Gasto (Devengado),https://fs.datosabiertos.mef.gob.pe/datastorefiles/2024-Gasto-Devengado.csv,2026-09-08
2024,"ADQUISICION DE MAQUINARIAS, EQUIPO Y MOBILIARIO",13114227.0,21610083.0,20516830.59,19999921.03,19999921.03,19999921.03,92.55,MEF Datos Abiertos – Presupuesto y Ejecución de Gasto (Devengado),https://fs.datosabiertos.mef.gob.pe/datastorefiles/2024-Gasto-Devengado.csv,2026-09-08
2024,ADQUISICION DE OTROS ACTIVOS FIJOS,0.0,873775.0,871634.81,851454.91,851454.91,851454.91,97.45,MEF Datos Abiertos – Presupuesto y Ejecución de Gasto (Devengado),https://fs.datosabiertos.mef.gob.pe/datastorefiles/2024-Gasto-Devengado.csv,2026-09-08
2024,ADQUISICION DE VEHICULOS,250000.0,3254329.0,3225462.4,3225462.4,3225462.4,3225462.4,99.11,MEF Datos Abiertos – Presupuesto y Ejecución de Gasto (Devengado),https://fs.datosabiertos.mef.gob.pe/datastorefiles/2024-Gasto-Devengado.csv,2026-09-08
2024,AL GOBIERNO LOCAL,0.0,459094.0,450588.74,450316.61,450316.61,445149.51,98.09,MEF Datos Abiertos – Presupuesto y Ejecución de Gasto (Devengado),https://fs.datosabiertos.mef.gob.pe/datastorefiles/2024-Gasto-Devengado.csv,2026-09-08
2024,AL GOBIERNO NACIONAL,320396.0,51901.0,51898.57,40689.77,40689.77,40389.4,78.4,MEF Datos Abiertos – Presupuesto y Ejecución de Gasto (Devengado),https://fs.datosabiertos.mef.gob.pe/datastorefiles/2024-Gasto-Devengado.csv,2026-09-08
2024,AL GOBIERNO REGIONAL,40000.0,0.0,0.0,0.0,0.0,0.0,,MEF Datos Abiertos – Presupuesto y Ejecución de Gasto (Devengado),https://fs.datosabiertos.mef.gob.pe/datastorefiles/2024-Gasto-Devengado.csv,2026-09-08
2024,ALIMENTOS Y BEBIDAS,1013166.0,1299861.0,1228593.11,1210493.7,1210493.7,1201891.98,93.12,MEF Datos Abiertos – Presupuesto y Ejecución de Gasto (Devengado),https://fs.datosabiertos.mef.gob.pe/datastorefiles/2024-Gasto-Devengado.csv,2026-09-08
2024,ALQUILERES DE MUEBLES E INMUEBLES,8697464.0,13279985.0,13195597.44,13194279.44,13194279.44,13186236.44,99.35,MEF Datos Abiertos – Presupuesto y Ejecución de Gasto (Devengado),https://fs.datosabiertos.mef.gob.pe/datastorefiles/2024-Gasto-Devengado.csv,2026-09-08
2024,ASISTENCIA SOCIAL EN PENSIONES E INDEMNIZACIONES,0.0,78080.0,78080.0,78078.6,78078.6,78078.6,100.0,MEF Datos Abiertos – Presupuesto y Ejecución de Gasto (Devengado),https://fs.datosabiertos.mef.gob.pe/datastorefiles/2024-Gasto-Devengado.csv,2026-09-08
2024,"COMBUSTIBLES, CARBURANTES, LUBRICANTES Y AFINES",2116486.0,1881120.0,1608901.44,1558076.94,1558076.94,1555530.34,82.83,MEF Datos Abiertos – Presupuesto y Ejecución de Gasto (Devengado),https://fs.datosabiertos.mef.gob.pe/datastorefiles/2024-Gasto-Devengado.csv,2026-09-08
2024,COMPRA DE OTROS BIENES,8483733.0,3562762.0,3389840.72,3381479.92,3381479.92,3231268.92,94.91,MEF Datos Abiertos – Presupuesto y Ejecución de Gasto (Devengado),https://fs.datosabiertos.mef.gob.pe/datastorefiles/2024-Gasto-Devengado.csv,2026-09-08
2024,CONTRATO ADMINISTRATIVO DE SERVICIOS,435760346.0,390548585.0,389218833.92,388988723.73,388988723.73,388738770.69,99.6,MEF Datos Abiertos – Presupuesto y Ejecución de Gasto (Devengado),https://fs.datosabiertos.mef.gob.pe/datastorefiles/2024-Gasto-Devengado.csv,2026-09-08
2024,EDIFICIOS O UNIDADES NO RESIDENCIALES,7041427.0,1276498.0,1060979.59,1002958.01,1002958.01,1002729.23,78.57,MEF Datos Abiertos – Presupuesto y Ejecución de Gasto (Devengado),https://fs.datosabiertos.mef.gob.pe/datastorefiles/2024-Gasto-Devengado.csv,2026-09-08
2024,EDIFICIOS RESIDENCIALES,2474471.0,0.0,0.0,0.0,0.0,0.0,,MEF Datos Abiertos – Presupuesto y Ejecución de Gasto (Devengado),https://fs.datosabiertos.mef.gob.pe/datastorefiles/2024-Gasto-Devengado.csv,2026-09-08
2024,ENSERES,267650.0,210995.0,209039.21,208836.54,208836.54,208836.54,98.98,MEF Datos Abiertos – Presupuesto y Ejecución de Gasto (Devengado),https://fs.datosabiertos.mef.gob.pe/datastorefiles/2024-Gasto-Devengado.csv,2026-09-08
2024,ENTREGA DE BIENES Y SERVICIOS,26877097.0,25147010.0,25005660.17,24836416.5,24836416.5,24831035.36,98.76,MEF Datos Abiertos – Presupuesto y Ejecución de Gasto (Devengado),https://fs.datosabiertos.mef.gob.pe/datastorefiles/2024-Gasto-Devengado.csv,2026-09-08
2024,GASTOS POR IMPLEMENTACIÓN DE LA NEGOCIACIÓN COLECTIVA,1374191.0,1913.0,0.0,0.0,0.0,0.0,0.0,MEF Datos Abiertos – Presupuesto y Ejecución de Gasto (Devengado),https://fs.datosabiertos.mef.gob.pe/datastorefiles/2024-Gasto-Devengado.csv,2026-09-08
2024,GASTOS VARIABLES Y OCASIONALES,13105414.0,16633108.0,16446911.24,16159369.34,16159369.34,16159369.34,97.15,MEF Datos Abiertos – Presupuesto y Ejecución de Gasto (Devengado),https://fs.datosabiertos.mef.gob.pe/datastorefiles/2024-Gasto-Devengado.csv,2026-09-08
2024,INVERSIONES INTANGIBLES,1322000.0,2784665.0,2764675.44,2764675.44,2764675.44,2764675.44,99.28,MEF Datos Abiertos – Presupuesto y Ejecución de Gasto (Devengado),https://fs.datosabiertos.mef.gob.pe/datastorefiles/2024-Gasto-Devengado.csv,2026-09-08
2024,LOCACION DE SERVICIOS REALIZADOS POR PERSONA NATURAL,62343836.0,74494323.0,74192854.18,74120707.68,74120707.68,74120707.68,99.5,MEF Datos Abiertos – Presupuesto y Ejecución de Gasto (Devengado),https://fs.datosabiertos.mef.gob.pe/datastorefiles/2024-Gasto-Devengado.csv,2026-09-08
2024,MATERIALES Y  UTILES,12562549.0,10293296.0,9814835.4,9730135.21,9730135.21,9679686.12,94.53,MEF Datos Abiertos – Presupuesto y Ejecución de Gasto (Devengado),https://fs.datosabiertos.mef.gob.pe/datastorefiles/2024-Gasto-Devengado.csv,2026-09-08
2024,MATERIALES Y UTILES DE ENSEÑANZA,1308106.0,1023216.0,913944.37,911184.4,911184.4,910080.2,89.05,MEF Datos Abiertos – Presupuesto y Ejecución de Gasto (Devengado),https://fs.datosabiertos.mef.gob.pe/datastorefiles/2024-Gasto-Devengado.csv,2026-09-08
2024,OBLIGACIONES DEL EMPLEADOR,23918661.0,23252651.0,23086142.67,22900757.86,22888551.86,22888256.86,98.43,MEF Datos Abiertos – Presupuesto y Ejecución de Gasto (Devengado),https://fs.datosabiertos.mef.gob.pe/datastorefiles/2024-Gasto-Devengado.csv,2026-09-08
2024,OTROS GASTOS DE ACTIVOS NO FINANCIEROS,2304428.0,2816179.0,2705219.96,2700219.02,2700219.02,2700219.02,95.88,MEF Datos Abiertos – Presupuesto y Ejecución de Gasto (Devengado),https://fs.datosabiertos.mef.gob.pe/datastorefiles/2024-Gasto-Devengado.csv,2026-09-08
2024,PAGO DE SENTENCIAS JUDICIALES EN CALIDAD DE COSA JUZGADA POR ADEUDOS,0.0,3496651.0,3496649.59,3479616.36,3469626.32,3466838.13,99.23,MEF Datos Abiertos – Presupuesto y Ejecución de Gasto (Devengado),https://fs.datosabiertos.mef.gob.pe/datastorefiles/2024-Gasto-Devengado.csv,2026-09-08
2024,PAGO DE SENTENCIAS JUDICIALES Y LAUDOS ARBITRALES,0.0,146485.0,146485.0,146483.36,146483.36,146483.36,100.0,MEF Datos Abiertos – Presupuesto y Ejecución de Gasto (Devengado),https://fs.datosabiertos.mef.gob.pe/datastorefiles/2024-Gasto-Devengado.csv,2026-09-08
2024,PENSIONES,7071525.0,7671071.0,7658154.42,7624137.64,7624137.64,7624137.64,99.39,MEF Datos Abiertos – Presupuesto y Ejecución de Gasto (Devengado),https://fs.datosabiertos.mef.gob.pe/datastorefiles/2024-Gasto-Devengado.csv,2026-09-08
2024,PERSONAL ADMINISTRATIVO,35986374.0,28779349.0,28513052.01,28371285.86,28371583.56,28362888.69,98.58,MEF Datos Abiertos – Presupuesto y Ejecución de Gasto (Devengado),https://fs.datosabiertos.mef.gob.pe/datastorefiles/2024-Gasto-Devengado.csv,2026-09-08
2024,PERSONAL DEL MAGISTERIO,0.0,220744.0,220744.0,182661.5,182661.5,177611.72,82.75,MEF Datos Abiertos – Presupuesto y Ejecución de Gasto (Devengado),https://fs.datosabiertos.mef.gob.pe/datastorefiles/2024-Gasto-Devengado.csv,2026-09-08
2024,PRESTACIONES DE SALUD Y OTROS BENEFICIOS,3251916.0,3588014.0,3583677.69,3582177.69,3582177.69,3582177.69,99.84,MEF Datos Abiertos – Presupuesto y Ejecución de Gasto (Devengado),https://fs.datosabiertos.mef.gob.pe/datastorefiles/2024-Gasto-Devengado.csv,2026-09-08
2024,REPUESTOS Y ACCESORIOS,201435.0,395003.0,326074.1,325914.1,325914.1,325016.0,82.51,MEF Datos Abiertos – Presupuesto y Ejecución de Gasto (Devengado),https://fs.datosabiertos.mef.gob.pe/datastorefiles/2024-Gasto-Devengado.csv,2026-09-08
2024,RETRIBUCIONES EN BIENES O SERVICIOS,3304333.0,3729942.0,3662242.36,3647549.79,3647549.79,3640717.57,97.79,MEF Datos Abiertos – Presupuesto y Ejecución de Gasto (Devengado),https://fs.datosabiertos.mef.gob.pe/datastorefiles/2024-Gasto-Devengado.csv,2026-09-08
2024,"SERVICIO DE MANTENIMIENTO, ACONDICIONAMIENTO Y  REPARACIONES",2467896.0,7936283.0,7429109.48,7363091.19,7363091.19,7359057.67,92.78,MEF Datos Abiertos – Presupuesto y Ejecución de Gasto (Devengado),https://fs.datosabiertos.mef.gob.pe/datastorefiles/2024-Gasto-Devengado.csv,2026-09-08
2024,"SERVICIOS ADMINISTRATIVOS, FINANCIEROS Y DE SEGUROS",1209978.0,1162690.0,1136199.23,1082357.48,1082357.48,1079810.58,93.09,MEF Datos Abiertos – Presupuesto y Ejecución de Gasto (Devengado),https://fs.datosabiertos.mef.gob.pe/datastorefiles/2024-Gasto-Devengado.csv,2026-09-08
2024,"SERVICIOS BASICOS, COMUNICACIONES, PUBLICIDAD Y DIFUSION",11661115.0,13208418.0,12741357.82,12665965.27,12665215.27,12645511.54,95.89,MEF Datos Abiertos – Presupuesto y Ejecución de Gasto (Devengado),https://fs.datosabiertos.mef.gob.pe/datastorefiles/2024-Gasto-Devengado.csv,2026-09-08
2024,"SERVICIOS DE LIMPIEZA, SEGURIDAD Y VIGILANCIA",17713116.0,18299938.0,18107244.03,18059834.58,18059834.58,18058880.58,98.69,MEF Datos Abiertos – Presupuesto y Ejecución de Gasto (Devengado),https://fs.datosabiertos.mef.gob.pe/datastorefiles/2024-Gasto-Devengado.csv,2026-09-08
2024,SERVICIOS PROFESIONALES Y TECNICOS,32638544.0,26069150.0,25353907.89,25222257.19,25222165.97,25010506.41,96.75,MEF Datos Abiertos – Presupuesto y Ejecución de Gasto (Devengado),https://fs.datosabiertos.mef.gob.pe/datastorefiles/2024-Gasto-Devengado.csv,2026-09-08
2024,SUBVENCIONES FINANCIERAS,206915033.0,202321494.0,202317990.76,202300108.26,202259308.26,202150071.58,99.97,MEF Datos Abiertos – Presupuesto y Ejecución de Gasto (Devengado),https://fs.datosabiertos.mef.gob.pe/datastorefiles/2024-Gasto-Devengado.csv,2026-09-08
2024,SUMINISTROS MEDICOS,1507598.0,606528.0,542564.94,541561.73,541561.73,533782.57,89.29,MEF Datos Abiertos – Presupuesto y Ejecución de Gasto (Devengado),https://fs.datosabiertos.mef.gob.pe/datastorefiles/2024-Gasto-Devengado.csv,2026-09-08
2024,SUMINISTROS PARA MANTENIMIENTO Y REPARACION,138054.0,1341258.0,1204520.99,1185492.58,1185492.58,1182891.66,88.39,MEF Datos Abiertos – Presupuesto y Ejecución de Gasto (Devengado),https://fs.datosabiertos.mef.gob.pe/datastorefiles/2024-Gasto-Devengado.csv,2026-09-08
2024,VESTUARIOS Y TEXTILES,5700113.0,3940016.0,3928063.27,3909058.97,3909058.97,3906069.42,99.21,MEF Datos Abiertos – Presupuesto y Ejecución de Gasto (Devengado),https://fs.datosabiertos.mef.gob.pe/datastorefiles/2024-Gasto-Devengado.csv,2026-09-08
2024,VIAJES,15048830.0,14399873.0,13772357.8,13662352.39,13662352.39,13377311.06,94.88,MEF Datos Abiertos – Presupuesto y Ejecución de Gasto (Devengado),https://fs.datosabiertos.mef.gob.pe/datastorefiles/2024-Gasto-Devengado.csv,2026-09-08
2025,A OTRAS UNIDADES DEL GOBIERNO,686004.0,634368.0,634368.0,634368.0,634368.0,634368.0,100.0,MEF Datos Abiertos – Presupuesto y Ejecución de Gasto (Devengado),https://fs.datosabiertos.mef.gob.pe/datastorefiles/2025-Gasto-Devengado-Mensual.csv,2026-09-08
2025,"ADQUISICION DE MAQUINARIAS, EQUIPO Y MOBILIARIO",8545611.0,6385302.0,6166891.0,6154320.3,6142676.96,6142676.96,96.2,MEF Datos Abiertos – Presupuesto y Ejecución de Gasto (Devengado),https://fs.datosabiertos.mef.gob.pe/datastorefiles/2025-Gasto-Devengado-Mensual.csv,2026-09-08
2025,ADQUISICION DE OTROS ACTIVOS FIJOS,0.0,1581413.0,1581411.63,1581411.63,1581411.63,1581411.63,100.0,MEF Datos Abiertos – Presupuesto y Ejecución de Gasto (Devengado),https://fs.datosabiertos.mef.gob.pe/datastorefiles/2025-Gasto-Devengado-Mensual.csv,2026-09-08
2025,ADQUISICION DE VEHICULOS,495000.0,1680587.0,1680584.96,1680584.96,1639084.96,1639084.96,97.53,MEF Datos Abiertos – Presupuesto y Ejecución de Gasto (Devengado),https://fs.datosabiertos.mef.gob.pe/datastorefiles/2025-Gasto-Devengado-Mensual.csv,2026-09-08
2025,AL GOBIERNO LOCAL,25380.0,302307.0,302143.56,295386.17,295386.17,295386.17,97.71,MEF Datos Abiertos – Presupuesto y Ejecución de Gasto (Devengado),https://fs.datosabiertos.mef.gob.pe/datastorefiles/2025-Gasto-Devengado-Mensual.csv,2026-09-08
2025,AL GOBIERNO NACIONAL,326190.0,47120.0,46902.8,45718.8,43271.0,43271.0,91.83,MEF Datos Abiertos – Presupuesto y Ejecución de Gasto (Devengado),https://fs.datosabiertos.mef.gob.pe/datastorefiles/2025-Gasto-Devengado-Mensual.csv,2026-09-08
2025,AL GOBIERNO REGIONAL,66439.0,1452.0,833.0,0.0,0.0,0.0,0.0,MEF Datos Abiertos – Presupuesto y Ejecución de Gasto (Devengado),https://fs.datosabiertos.mef.gob.pe/datastorefiles/2025-Gasto-Devengado-Mensual.csv,2026-09-08
2025,ALIMENTOS Y BEBIDAS,1801687.0,938858.0,908446.45,906992.26,884103.35,879548.13,94.17,MEF Datos Abiertos – Presupuesto y Ejecución de Gasto (Devengado),https://fs.datosabiertos.mef.gob.pe/datastorefiles/2025-Gasto-Devengado-Mensual.csv,2026-09-08
2025,ALQUILERES DE MUEBLES E INMUEBLES,12550218.0,12563992.0,12432212.78,12402277.12,12326590.87,12326590.87,98.11,MEF Datos Abiertos – Presupuesto y Ejecución de Gasto (Devengado),https://fs.datosabiertos.mef.gob.pe/datastorefiles/2025-Gasto-Devengado-Mensual.csv,2026-09-08
2025,ASISTENCIA SOCIAL EN PENSIONES E INDEMNIZACIONES,78084.0,78079.0,78078.6,78078.6,78078.6,78078.6,100.0,MEF Datos Abiertos – Presupuesto y Ejecución de Gasto (Devengado),https://fs.datosabiertos.mef.gob.pe/datastorefiles/2025-Gasto-Devengado-Mensual.csv,2026-09-08
2025,"COMBUSTIBLES, CARBURANTES, LUBRICANTES Y AFINES",2133557.0,1876382.0,1830044.07,1803639.62,1553300.9,1550034.1,82.78,MEF Datos Abiertos – Presupuesto y Ejecución de Gasto (Devengado),https://fs.datosabiertos.mef.gob.pe/datastorefiles/2025-Gasto-Devengado-Mensual.csv,2026-09-08
2025,COMPRA DE OTROS BIENES,6859312.0,3122879.0,3081263.06,3079680.56,3043250.95,2912346.08,97.45,MEF Datos Abiertos – Presupuesto y Ejecución de Gasto (Devengado),https://fs.datosabiertos.mef.gob.pe/datastorefiles/2025-Gasto-Devengado-Mensual.csv,2026-09-08
2025,CONTRATO ADMINISTRATIVO DE SERVICIOS,458891502.0,430604313.0,429285615.59,429151907.37,428677156.4,428612781.99,99.55,MEF Datos Abiertos – Presupuesto y Ejecución de Gasto (Devengado),https://fs.datosabiertos.mef.gob.pe/datastorefiles/2025-Gasto-Devengado-Mensual.csv,2026-09-08
2025,EDIFICIOS O UNIDADES NO RESIDENCIALES,1247093.0,621531.0,619445.95,619445.04,619445.04,619445.04,99.66,MEF Datos Abiertos – Presupuesto y Ejecución de Gasto (Devengado),https://fs.datosabiertos.mef.gob.pe/datastorefiles/2025-Gasto-Devengado-Mensual.csv,2026-09-08
2025,ENSERES,200480.0,220811.0,220808.54,220708.54,216772.74,216772.74,98.17,MEF Datos Abiertos – Presupuesto y Ejecución de Gasto (Devengado),https://fs.datosabiertos.mef.gob.pe/datastorefiles/2025-Gasto-Devengado-Mensual.csv,2026-09-08
2025,ENTREGA DE BIENES Y SERVICIOS,29038195.0,23283763.0,22982607.99,22716247.71,22497787.56,22497787.56,96.62,MEF Datos Abiertos – Presupuesto y Ejecución de Gasto (Devengado),https://fs.datosabiertos.mef.gob.pe/datastorefiles/2025-Gasto-Devengado-Mensual.csv,2026-09-08
2025,GASTOS POR IMPLEMENTACIÓN DE LA NEGOCIACIÓN COLECTIVA,1012400.0,8683.0,0.0,0.0,0.0,0.0,0.0,MEF Datos Abiertos – Presupuesto y Ejecución de Gasto (Devengado),https://fs.datosabiertos.mef.gob.pe/datastorefiles/2025-Gasto-Devengado-Mensual.csv,2026-09-08
2025,GASTOS VARIABLES Y OCASIONALES,13029943.0,20787851.0,20667347.0,20654739.33,20456690.86,20451967.63,98.41,MEF Datos Abiertos – Presupuesto y Ejecución de Gasto (Devengado),https://fs.datosabiertos.mef.gob.pe/datastorefiles/2025-Gasto-Devengado-Mensual.csv,2026-09-08
2025,INVERSIONES INTANGIBLES,0.0,2607605.0,2607602.71,2607602.71,2595931.26,2595931.26,99.55,MEF Datos Abiertos – Presupuesto y Ejecución de Gasto (Devengado),https://fs.datosabiertos.mef.gob.pe/datastorefiles/2025-Gasto-Devengado-Mensual.csv,2026-09-08
2025,LOCACIÓN DE SERVICIOS REALIZADOS POR PERSONA NATURAL,63549312.0,84076142.0,83791223.39,83764322.39,83657258.19,83657258.19,99.5,MEF Datos Abiertos – Presupuesto y Ejecución de Gasto (Devengado),https://fs.datosabiertos.mef.gob.pe/datastorefiles/2025-Gasto-Devengado-Mensual.csv,2026-09-08
2025,MATERIALES Y  UTILES,12477516.0,7399986.0,7219291.61,7163878.31,6995707.43,6965646.4,94.54,MEF Datos Abiertos – Presupuesto y Ejecución de Gasto (Devengado),https://fs.datosabiertos.mef.gob.pe/datastorefiles/2025-Gasto-Devengado-Mensual.csv,2026-09-08
2025,MATERIALES Y UTILES DE ENSEÑANZA,1439344.0,876959.0,843788.72,843372.18,831254.1,829568.2,94.79,MEF Datos Abiertos – Presupuesto y Ejecución de Gasto (Devengado),https://fs.datosabiertos.mef.gob.pe/datastorefiles/2025-Gasto-Devengado-Mensual.csv,2026-09-08
2025,OBLIGACIONES DEL EMPLEADOR,26358027.0,25522839.0,25396042.59,25217276.08,25149465.02,25138781.02,98.54,MEF Datos Abiertos – Presupuesto y Ejecución de Gasto (Devengado),https://fs.datosabiertos.mef.gob.pe/datastorefiles/2025-Gasto-Devengado-Mensual.csv,2026-09-08
2025,OTROS GASTOS DE ACTIVOS NO FINANCIEROS,7244824.0,3681413.0,3661106.24,3661040.55,3661040.55,3661040.55,99.45,MEF Datos Abiertos – Presupuesto y Ejecución de Gasto (Devengado),https://fs.datosabiertos.mef.gob.pe/datastorefiles/2025-Gasto-Devengado-Mensual.csv,2026-09-08
2025,PAGO DE SENTENCIAS JUDICIALES EN CALIDAD DE COSA JUZGADA POR ADEUDOS,0.0,3686823.0,3686822.38,3686822.38,3684268.32,3684268.32,99.93,MEF Datos Abiertos – Presupuesto y Ejecución de Gasto (Devengado),https://fs.datosabiertos.mef.gob.pe/datastorefiles/2025-Gasto-Devengado-Mensual.csv,2026-09-08
2025,PAGO DE SENTENCIAS JUDICIALES Y LAUDOS ARBITRALES,0.0,55809.0,48309.0,48309.0,48308.99,48308.99,86.56,MEF Datos Abiertos – Presupuesto y Ejecución de Gasto (Devengado),https://fs.datosabiertos.mef.gob.pe/datastorefiles/2025-Gasto-Devengado-Mensual.csv,2026-09-08
2025,PENSIONES,7281720.0,7660414.0,7654366.2,7654366.2,7644199.28,7644150.31,99.79,MEF Datos Abiertos – Presupuesto y Ejecución de Gasto (Devengado),https://fs.datosabiertos.mef.gob.pe/datastorefiles/2025-Gasto-Devengado-Mensual.csv,2026-09-08
2025,PERSONAL ADMINISTRATIVO,35755129.0,28177586.0,28118032.1,28094669.32,28082143.96,28064274.56,99.66,MEF Datos Abiertos – Presupuesto y Ejecución de Gasto (Devengado),https://fs.datosabiertos.mef.gob.pe/datastorefiles/2025-Gasto-Devengado-Mensual.csv,2026-09-08
2025,PRESTACIONES DE SALUD Y OTROS BENEFICIOS,3082063.0,3465258.0,3450900.51,3450419.91,3375745.37,3375745.37,97.42,MEF Datos Abiertos – Presupuesto y Ejecución de Gasto (Devengado),https://fs.datosabiertos.mef.gob.pe/datastorefiles/2025-Gasto-Devengado-Mensual.csv,2026-09-08
2025,REPUESTOS Y ACCESORIOS,59160.0,392944.0,381142.48,381027.48,366276.38,364741.38,93.21,MEF Datos Abiertos – Presupuesto y Ejecución de Gasto (Devengado),https://fs.datosabiertos.mef.gob.pe/datastorefiles/2025-Gasto-Devengado-Mensual.csv,2026-09-08
2025,RETRIBUCIONES EN BIENES O SERVICIOS,1398008.0,1694351.0,1679786.84,1678174.06,1435261.78,1433703.68,84.71,MEF Datos Abiertos – Presupuesto y Ejecución de Gasto (Devengado),https://fs.datosabiertos.mef.gob.pe/datastorefiles/2025-Gasto-Devengado-Mensual.csv,2026-09-08
2025,"SERVICIO DE MANTENIMIENTO, ACONDICIONAMIENTO Y  REPARACIONES",1862836.0,6673252.0,6470732.56,6428892.62,6229740.79,6225840.79,93.35,MEF Datos Abiertos – Presupuesto y Ejecución de Gasto (Devengado),https://fs.datosabiertos.mef.gob.pe/datastorefiles/2025-Gasto-Devengado-Mensual.csv,2026-09-08
2025,"SERVICIOS ADMINISTRATIVOS, FINANCIEROS Y DE SEGUROS",1402587.0,1165296.0,1163909.8,1159283.07,1134921.72,1134633.74,97.39,MEF Datos Abiertos – Presupuesto y Ejecución de Gasto (Devengado),https://fs.datosabiertos.mef.gob.pe/datastorefiles/2025-Gasto-Devengado-Mensual.csv,2026-09-08
2025,"SERVICIOS BASICOS, COMUNICACIONES, PUBLICIDAD Y DIFUSION",13394361.0,14271601.0,13635074.38,13628090.01,13530111.51,13526966.02,94.8,MEF Datos Abiertos – Presupuesto y Ejecución de Gasto (Devengado),https://fs.datosabiertos.mef.gob.pe/datastorefiles/2025-Gasto-Devengado-Mensual.csv,2026-09-08
2025,"SERVICIOS DE LIMPIEZA, SEGURIDAD Y VIGILANCIA",20484893.0,19380149.0,19379451.83,19181653.09,18967850.61,18967850.61,97.87,MEF Datos Abiertos – Presupuesto y Ejecución de Gasto (Devengado),https://fs.datosabiertos.mef.gob.pe/datastorefiles/2025-Gasto-Devengado-Mensual.csv,2026-09-08
2025,SERVICIOS PROFESIONALES Y TECNICOS,27806028.0,21134520.0,20892816.85,20834320.03,20558601.23,20382659.09,97.27,MEF Datos Abiertos – Presupuesto y Ejecución de Gasto (Devengado),https://fs.datosabiertos.mef.gob.pe/datastorefiles/2025-Gasto-Devengado-Mensual.csv,2026-09-08
2025,SUBVENCIONES FINANCIERAS,206404756.0,251143064.0,251139807.28,250898980.28,250898980.28,248952168.02,99.9,MEF Datos Abiertos – Presupuesto y Ejecución de Gasto (Devengado),https://fs.datosabiertos.mef.gob.pe/datastorefiles/2025-Gasto-Devengado-Mensual.csv,2026-09-08
2025,SUMINISTROS MEDICOS,547282.0,423382.0,410001.17,400515.76,360067.58,352723.38,85.05,MEF Datos Abiertos – Presupuesto y Ejecución de Gasto (Devengado),https://fs.datosabiertos.mef.gob.pe/datastorefiles/2025-Gasto-Devengado-Mensual.csv,2026-09-08
2025,SUMINISTROS PARA MANTENIMIENTO Y REPARACION,189880.0,663155.0,635032.43,634532.43,592525.78,590192.18,89.35,MEF Datos Abiertos – Presupuesto y Ejecución de Gasto (Devengado),https://fs.datosabiertos.mef.gob.pe/datastorefiles/2025-Gasto-Devengado-Mensual.csv,2026-09-08
2025,"SUMINISTROS PARA USO AGROPECUARIO, FORESTAL Y VETERINARIO",0.0,108.0,108.0,108.0,108.0,108.0,100.0,MEF Datos Abiertos – Presupuesto y Ejecución de Gasto (Devengado),https://fs.datosabiertos.mef.gob.pe/datastorefiles/2025-Gasto-Devengado-Mensual.csv,2026-09-08
2025,VESTUARIOS Y TEXTILES,3493547.0,2366224.0,2321671.16,2321671.16,2310874.91,2308260.71,97.66,MEF Datos Abiertos – Presupuesto y Ejecución de Gasto (Devengado),https://fs.datosabiertos.mef.gob.pe/datastorefiles/2025-Gasto-Devengado-Mensual.csv,2026-09-08
2025,VIAJES,25078765.0,14098519.0,13608159.25,13464602.52,12792678.32,12596420.21,90.74,MEF Datos Abiertos – Presupuesto y Ejecución de Gasto (Devengado),https://fs.datosabiertos.mef.gob.pe/datastorefiles/2025-Gasto-Devengado-Mensual.csv,2026-09-08
