anio,programa_ppto,pia,pim,certificado,comprometido,devengado,girado,ejecucion_pct_dev_pim,fuente,url,fecha_descarga
2019,ACCESO DE PERSONAS ADULTAS MAYORES A SERVICIOS ESPECIALIZADOS,8127529.0,13932543.0,13267067.58,13240687.58,13218023.74,13184086.91,94.87,MEF Datos Abiertos – Presupuesto y Ejecución de Gasto (Devengado),https://fs.datosabiertos.mef.gob.pe/datastorefiles/2019-Gasto-Devengado.csv,2026-09-08
2019,ACCIONES CENTRALES,66974255.0,55839346.0,55194625.84,54968735.94,54936116.57,54862082.63,98.38,MEF Datos Abiertos – Presupuesto y Ejecución de Gasto (Devengado),https://fs.datosabiertos.mef.gob.pe/datastorefiles/2019-Gasto-Devengado.csv,2026-09-08
2019,ASIGNACIONES PRESUPUESTARIAS QUE NO RESULTAN EN PRODUCTOS,59789275.0,39447174.0,39283504.77,39212603.52,37625497.76,37498292.3,95.38,MEF Datos Abiertos – Presupuesto y Ejecución de Gasto (Devengado),https://fs.datosabiertos.mef.gob.pe/datastorefiles/2019-Gasto-Devengado.csv,2026-09-08
2019,"ATENCION OPORTUNA DE NIÑAS, NIÑOS Y ADOLESCENTES EN PRESUNTO ESTADO DE ABANDONO",154242321.0,180627492.0,174650932.1,173651000.55,173376871.33,172678874.59,95.99,MEF Datos Abiertos – Presupuesto y Ejecución de Gasto (Devengado),https://fs.datosabiertos.mef.gob.pe/datastorefiles/2019-Gasto-Devengado.csv,2026-09-08
2019,LUCHA CONTRA LA VIOLENCIA FAMILIAR,433612264.0,285371654.0,278369468.97,275628064.14,275592216.74,274399594.44,96.57,MEF Datos Abiertos – Presupuesto y Ejecución de Gasto (Devengado),https://fs.datosabiertos.mef.gob.pe/datastorefiles/2019-Gasto-Devengado.csv,2026-09-08
2019,REDUCCION DE VULNERABILIDAD Y ATENCION DE EMERGENCIAS POR DESASTRES,9900000.0,9969283.0,9550760.42,9537400.35,9537400.35,9536141.45,95.67,MEF Datos Abiertos – Presupuesto y Ejecución de Gasto (Devengado),https://fs.datosabiertos.mef.gob.pe/datastorefiles/2019-Gasto-Devengado.csv,2026-09-08
2020,ACCESO DE PERSONAS ADULTAS MAYORES A SERVICIOS ESPECIALIZADOS,16409595.0,16665171.0,16238007.86,16042331.42,16036115.43,16013740.95,96.23,MEF Datos Abiertos – Presupuesto y Ejecución de Gasto (Devengado),https://fs.datosabiertos.mef.gob.pe/datastorefiles/2020-Gasto-Devengado.csv,2026-09-08
2020,ACCIONES CENTRALES,73575678.0,64869467.0,60747602.24,60638569.59,60637801.87,60562629.52,93.48,MEF Datos Abiertos – Presupuesto y Ejecución de Gasto (Devengado),https://fs.datosabiertos.mef.gob.pe/datastorefiles/2020-Gasto-Devengado.csv,2026-09-08
2020,ASIGNACIONES PRESUPUESTARIAS QUE NO RESULTAN EN PRODUCTOS,70419220.0,74193950.0,69689139.13,69061365.29,69049716.87,69019028.97,93.07,MEF Datos Abiertos – Presupuesto y Ejecución de Gasto (Devengado),https://fs.datosabiertos.mef.gob.pe/datastorefiles/2020-Gasto-Devengado.csv,2026-09-08
2020,"ATENCION OPORTUNA DE NIÑAS, NIÑOS Y ADOLESCENTES EN PRESUNTO ESTADO DE ABANDONO",153894489.0,160913947.0,157909220.03,157469278.01,157375791.96,156881368.49,97.8,MEF Datos Abiertos – Presupuesto y Ejecución de Gasto (Devengado),https://fs.datosabiertos.mef.gob.pe/datastorefiles/2020-Gasto-Devengado.csv,2026-09-08
2020,LUCHA CONTRA LA VIOLENCIA FAMILIAR,416568421.0,257382029.0,252476218.66,251876546.3,251843399.34,251281350.68,97.85,MEF Datos Abiertos – Presupuesto y Ejecución de Gasto (Devengado),https://fs.datosabiertos.mef.gob.pe/datastorefiles/2020-Gasto-Devengado.csv,2026-09-08
2020,REDUCCION DE VULNERABILIDAD Y ATENCION DE EMERGENCIAS POR DESASTRES,1495871.0,2428056.0,1702444.93,1702444.93,1702444.93,1702444.93,70.12,MEF Datos Abiertos – Presupuesto y Ejecución de Gasto (Devengado),https://fs.datosabiertos.mef.gob.pe/datastorefiles/2020-Gasto-Devengado.csv,2026-09-08
2021,ACCESO DE PERSONAS ADULTAS MAYORES A SERVICIOS ESPECIALIZADOS,21385811.0,21146564.0,20321539.16,20196025.62,20195869.62,20194014.29,95.5,MEF Datos Abiertos – Presupuesto y Ejecución de Gasto (Devengado),https://fs.datosabiertos.mef.gob.pe/datastorefiles/2021-Gasto-Devengado.csv,2026-09-08
2021,ACCIONES CENTRALES,56080256.0,56035028.0,55215168.08,54907414.33,54907054.33,54868763.98,97.99,MEF Datos Abiertos – Presupuesto y Ejecución de Gasto (Devengado),https://fs.datosabiertos.mef.gob.pe/datastorefiles/2021-Gasto-Devengado.csv,2026-09-08
2021,ASIGNACIONES PRESUPUESTARIAS QUE NO RESULTAN EN PRODUCTOS,82080877.0,82999528.0,80672171.25,80372410.08,80371119.47,80358232.75,96.83,MEF Datos Abiertos – Presupuesto y Ejecución de Gasto (Devengado),https://fs.datosabiertos.mef.gob.pe/datastorefiles/2021-Gasto-Devengado.csv,2026-09-08
2021,"ATENCION OPORTUNA DE NIÑAS, NIÑOS Y ADOLESCENTES EN PRESUNTO ESTADO DE ABANDONO",186814698.0,176352822.0,172566421.83,171633460.65,171631403.14,171575370.48,97.32,MEF Datos Abiertos – Presupuesto y Ejecución de Gasto (Devengado),https://fs.datosabiertos.mef.gob.pe/datastorefiles/2021-Gasto-Devengado.csv,2026-09-08
2021,LUCHA CONTRA LA VIOLENCIA FAMILIAR,293933438.0,265796167.0,258630250.09,258589954.95,258589954.95,258256403.2,97.29,MEF Datos Abiertos – Presupuesto y Ejecución de Gasto (Devengado),https://fs.datosabiertos.mef.gob.pe/datastorefiles/2021-Gasto-Devengado.csv,2026-09-08
2021,PRODUCTOS ESPECIFICOS PARA REDUCCION DE LA VIOLENCIA CONTRA LA MUJER,56154161.0,27849800.0,26386312.68,26354571.07,26354571.07,26353428.25,94.63,MEF Datos Abiertos – Presupuesto y Ejecución de Gasto (Devengado),https://fs.datosabiertos.mef.gob.pe/datastorefiles/2021-Gasto-Devengado.csv,2026-09-08
2021,REDUCCION DE VULNERABILIDAD Y ATENCION DE EMERGENCIAS POR DESASTRES,902214.0,716348.0,695362.25,695292.25,695292.25,695292.25,97.06,MEF Datos Abiertos – Presupuesto y Ejecución de Gasto (Devengado),https://fs.datosabiertos.mef.gob.pe/datastorefiles/2021-Gasto-Devengado.csv,2026-09-08
2022,ACCESO DE PERSONAS ADULTAS MAYORES A SERVICIOS ESPECIALIZADOS,26388296.0,29535350.0,29065086.12,28846265.61,28846265.61,28837244.38,97.67,MEF Datos Abiertos – Presupuesto y Ejecución de Gasto (Devengado),https://fs.datosabiertos.mef.gob.pe/datastorefiles/2022-Gasto-Devengado.csv,2026-09-08
2022,ACCIONES CENTRALES,64694189.0,68791928.0,67248643.74,66487099.79,66463220.59,66417106.21,96.61,MEF Datos Abiertos – Presupuesto y Ejecución de Gasto (Devengado),https://fs.datosabiertos.mef.gob.pe/datastorefiles/2022-Gasto-Devengado.csv,2026-09-08
2022,ASIGNACIONES PRESUPUESTARIAS QUE NO RESULTAN EN PRODUCTOS,109177548.0,127913928.0,125797392.36,125317821.28,125304426.11,125287907.08,97.96,MEF Datos Abiertos – Presupuesto y Ejecución de Gasto (Devengado),https://fs.datosabiertos.mef.gob.pe/datastorefiles/2022-Gasto-Devengado.csv,2026-09-08
2022,"ATENCION OPORTUNA DE NIÑAS, NIÑOS Y ADOLESCENTES EN PRESUNTO ESTADO DE ABANDONO",186859640.0,193304364.0,188977040.95,187815316.09,187806721.98,187625506.19,97.16,MEF Datos Abiertos – Presupuesto y Ejecución de Gasto (Devengado),https://fs.datosabiertos.mef.gob.pe/datastorefiles/2022-Gasto-Devengado.csv,2026-09-08
2022,LUCHA CONTRA LA VIOLENCIA FAMILIAR,277689535.0,277866099.0,274735610.87,274735335.52,274733784.23,274312329.59,98.87,MEF Datos Abiertos – Presupuesto y Ejecución de Gasto (Devengado),https://fs.datosabiertos.mef.gob.pe/datastorefiles/2022-Gasto-Devengado.csv,2026-09-08
2022,PRODUCTOS ESPECIFICOS PARA REDUCCION DE LA VIOLENCIA CONTRA LA MUJER,44791239.0,40054920.0,37954779.56,37898363.42,37898363.42,37805371.66,94.62,MEF Datos Abiertos – Presupuesto y Ejecución de Gasto (Devengado),https://fs.datosabiertos.mef.gob.pe/datastorefiles/2022-Gasto-Devengado.csv,2026-09-08
2022,REDUCCION DE VULNERABILIDAD Y ATENCION DE EMERGENCIAS POR DESASTRES,3809602.0,3809602.0,3790404.6,3790404.6,3790404.6,3790404.6,99.5,MEF Datos Abiertos – Presupuesto y Ejecución de Gasto (Devengado),https://fs.datosabiertos.mef.gob.pe/datastorefiles/2022-Gasto-Devengado.csv,2026-09-08
2023,ACCESO DE PERSONAS ADULTAS MAYORES A SERVICIOS ESPECIALIZADOS,29022982.0,31644620.0,31017600.54,30858926.47,30858926.47,30853342.15,97.52,MEF Datos Abiertos – Presupuesto y Ejecución de Gasto (Devengado),https://fs.datosabiertos.mef.gob.pe/datastorefiles/2023-Gasto-Devengado.csv,2026-09-08
2023,ACCIONES CENTRALES,81530045.0,119470886.0,117397204.61,116929089.95,116792110.14,116749325.59,97.76,MEF Datos Abiertos – Presupuesto y Ejecución de Gasto (Devengado),https://fs.datosabiertos.mef.gob.pe/datastorefiles/2023-Gasto-Devengado.csv,2026-09-08
2023,ASIGNACIONES PRESUPUESTARIAS QUE NO RESULTAN EN PRODUCTOS,225978906.0,246957872.0,243369607.75,242846026.37,242797361.69,242619716.23,98.32,MEF Datos Abiertos – Presupuesto y Ejecución de Gasto (Devengado),https://fs.datosabiertos.mef.gob.pe/datastorefiles/2023-Gasto-Devengado.csv,2026-09-08
2023,"ATENCION OPORTUNA DE NIÑAS, NIÑOS Y ADOLESCENTES EN PRESUNTO ESTADO DE ABANDONO",189832653.0,205161907.0,202284298.5,201685241.62,201681232.12,201479467.5,98.3,MEF Datos Abiertos – Presupuesto y Ejecución de Gasto (Devengado),https://fs.datosabiertos.mef.gob.pe/datastorefiles/2023-Gasto-Devengado.csv,2026-09-08
2023,PRODUCTOS ESPECIFICOS PARA REDUCCION DE LA VIOLENCIA CONTRA LA MUJER,258940167.0,253673518.0,249929112.12,249895649.52,249895649.52,249595596.42,98.51,MEF Datos Abiertos – Presupuesto y Ejecución de Gasto (Devengado),https://fs.datosabiertos.mef.gob.pe/datastorefiles/2023-Gasto-Devengado.csv,2026-09-08
2023,REDUCCION DE VULNERABILIDAD Y ATENCION DE EMERGENCIAS POR DESASTRES,4239913.0,4151889.0,4124535.63,4118812.33,4118812.33,4118812.33,99.2,MEF Datos Abiertos – Presupuesto y Ejecución de Gasto (Devengado),https://fs.datosabiertos.mef.gob.pe/datastorefiles/2023-Gasto-Devengado.csv,2026-09-08
2024,ACCESO DE PERSONAS ADULTAS MAYORES A SERVICIOS ESPECIALIZADOS,31904096.0,34847104.0,34148038.08,34058508.07,34058008.07,34056369.0,97.74,MEF Datos Abiertos – Presupuesto y Ejecución de Gasto (Devengado),https://fs.datosabiertos.mef.gob.pe/datastorefiles/2024-Gasto-Devengado.csv,2026-09-08
2024,ACCIONES CENTRALES,147069791.0,124357571.0,122972364.66,122015784.84,121994729.63,121870677.75,98.1,MEF Datos Abiertos – Presupuesto y Ejecución de Gasto (Devengado),https://fs.datosabiertos.mef.gob.pe/datastorefiles/2024-Gasto-Devengado.csv,2026-09-08
2024,ASIGNACIONES PRESUPUESTARIAS QUE NO RESULTAN EN PRODUCTOS,324789565.0,311341047.0,309858658.91,309509534.81,309468734.81,309231795.65,99.4,MEF Datos Abiertos – Presupuesto y Ejecución de Gasto (Devengado),https://fs.datosabiertos.mef.gob.pe/datastorefiles/2024-Gasto-Devengado.csv,2026-09-08
2024,"ATENCION OPORTUNA DE NIÑAS, NIÑOS Y ADOLESCENTES EN PRESUNTO ESTADO DE ABANDONO",220678081.0,215121352.0,211689396.3,210697977.51,210696727.51,210535775.21,97.94,MEF Datos Abiertos – Presupuesto y Ejecución de Gasto (Devengado),https://fs.datosabiertos.mef.gob.pe/datastorefiles/2024-Gasto-Devengado.csv,2026-09-08
2024,PRODUCTOS ESPECIFICOS PARA REDUCCION DE LA VIOLENCIA CONTRA LA MUJER,241192077.0,242502650.0,241553528.21,241429404.57,241429470.22,240799963.08,99.56,MEF Datos Abiertos – Presupuesto y Ejecución de Gasto (Devengado),https://fs.datosabiertos.mef.gob.pe/datastorefiles/2024-Gasto-Devengado.csv,2026-09-08
2024,REDUCCION DE VULNERABILIDAD Y ATENCION DE EMERGENCIAS POR DESASTRES,3977898.0,4447389.0,4425709.69,4425709.69,4425709.69,4425709.69,99.51,MEF Datos Abiertos – Presupuesto y Ejecución de Gasto (Devengado),https://fs.datosabiertos.mef.gob.pe/datastorefiles/2024-Gasto-Devengado.csv,2026-09-08
2025,ACCESO DE PERSONAS ADULTAS MAYORES A SERVICIOS ESPECIALIZADOS,35529226.0,37167842.0,36813905.89,36526489.93,36019078.9,35987333.09,96.91,MEF Datos Abiertos – Presupuesto y Ejecución de Gasto (Devengado),https://fs.datosabiertos.mef.gob.pe/datastorefiles/2025-Gasto-Devengado-Mensual.csv,2026-09-08
2025,ACCIONES CENTRALES,169250004.0,138035486.0,137411477.46,137102890.4,135990451.99,135935504.6,98.52,MEF Datos Abiertos – Presupuesto y Ejecución de Gasto (Devengado),https://fs.datosabiertos.mef.gob.pe/datastorefiles/2025-Gasto-Devengado-Mensual.csv,2026-09-08
2025,ASIGNACIONES PRESUPUESTARIAS QUE NO RESULTAN EN PRODUCTOS,316786170.0,348749634.0,348071653.16,347987224.2,347711414.66,347640378.19,99.7,MEF Datos Abiertos – Presupuesto y Ejecución de Gasto (Devengado),https://fs.datosabiertos.mef.gob.pe/datastorefiles/2025-Gasto-Devengado-Mensual.csv,2026-09-08
2025,"ATENCION OPORTUNA DE NIÑAS, NIÑOS Y ADOLESCENTES EN PRESUNTO ESTADO DE ABANDONO",225936257.0,219838467.0,217446255.43,216873627.27,215542634.29,215264438.16,98.05,MEF Datos Abiertos – Presupuesto y Ejecución de Gasto (Devengado),https://fs.datosabiertos.mef.gob.pe/datastorefiles/2025-Gasto-Devengado-Mensual.csv,2026-09-08
2025,PRODUCTOS ESPECIFICOS PARA REDUCCION DE LA VIOLENCIA CONTRA LA MUJER,244884226.0,256954032.0,256381120.63,256149753.37,255764474.49,253590495.38,99.54,MEF Datos Abiertos – Presupuesto y Ejecución de Gasto (Devengado),https://fs.datosabiertos.mef.gob.pe/datastorefiles/2025-Gasto-Devengado-Mensual.csv,2026-09-08
2025,REDUCCION DE VULNERABILIDAD Y ATENCION DE EMERGENCIAS POR DESASTRES,3911250.0,4611629.0,4589771.89,4589450.38,4564643.02,4564643.02,98.98,MEF Datos Abiertos – Presupuesto y Ejecución de Gasto (Devengado),https://fs.datosabiertos.mef.gob.pe/datastorefiles/2025-Gasto-Devengado-Mensual.csv,2026-09-08
