anio,generica_gasto,pia,pim,certificado,comprometido,devengado,girado,ejecucion_pct_dev_pim,fuente,url,fecha_descarga
2017,ADQUISICION DE ACTIVOS NO FINANCIEROS,3393178.0,10588474.0,9948410.7,9382075.78,9378971.78,9378971.78,88.58,MEF Datos Abiertos – Presupuesto y Ejecución de Gasto (Devengado),https://fs.datosabiertos.mef.gob.pe/datastorefiles/2017-Gasto-Devengado.csv,2026-09-08
2017,BIENES Y SERVICIOS,309170344.0,287290453.0,282722738.55,282107994.83,281889122.81,280958297.26,98.12,MEF Datos Abiertos – Presupuesto y Ejecución de Gasto (Devengado),https://fs.datosabiertos.mef.gob.pe/datastorefiles/2017-Gasto-Devengado.csv,2026-09-08
2017,DONACIONES Y TRANSFERENCIAS,6272000.0,6259495.0,6201063.28,6198380.25,6198380.25,6182247.77,99.02,MEF Datos Abiertos – Presupuesto y Ejecución de Gasto (Devengado),https://fs.datosabiertos.mef.gob.pe/datastorefiles/2017-Gasto-Devengado.csv,2026-09-08
2017,OTROS GASTOS,16870548.0,8804656.0,8461572.24,8461565.36,8447483.83,8442077.71,95.94,MEF Datos Abiertos – Presupuesto y Ejecución de Gasto (Devengado),https://fs.datosabiertos.mef.gob.pe/datastorefiles/2017-Gasto-Devengado.csv,2026-09-08
2017,PENSIONES Y OTRAS PRESTACIONES SOCIALES,49374000.0,50079076.0,49737015.12,49626933.3,49537279.56,49517507.19,98.92,MEF Datos Abiertos – Presupuesto y Ejecución de Gasto (Devengado),https://fs.datosabiertos.mef.gob.pe/datastorefiles/2017-Gasto-Devengado.csv,2026-09-08
2017,PERSONAL Y OBLIGACIONES SOCIALES,40761000.0,39911926.0,39613944.6,39595837.44,39487445.89,39459462.14,98.94,MEF Datos Abiertos – Presupuesto y Ejecución de Gasto (Devengado),https://fs.datosabiertos.mef.gob.pe/datastorefiles/2017-Gasto-Devengado.csv,2026-09-08
2018,ADQUISICION DE ACTIVOS NO FINANCIEROS,8258083.0,12806323.0,11398596.25,11180198.38,11042329.36,11040489.36,86.23,MEF Datos Abiertos – Presupuesto y Ejecución de Gasto (Devengado),https://fs.datosabiertos.mef.gob.pe/datastorefiles/2018-Gasto-Devengado.csv,2026-09-08
2018,BIENES Y SERVICIOS,325277542.0,337145466.0,331409838.59,330350746.94,330140657.56,328614860.61,97.92,MEF Datos Abiertos – Presupuesto y Ejecución de Gasto (Devengado),https://fs.datosabiertos.mef.gob.pe/datastorefiles/2018-Gasto-Devengado.csv,2026-09-08
2018,DONACIONES Y TRANSFERENCIAS,6272000.0,6324225.0,6324222.4,6319633.57,6319633.57,6309099.99,99.93,MEF Datos Abiertos – Presupuesto y Ejecución de Gasto (Devengado),https://fs.datosabiertos.mef.gob.pe/datastorefiles/2018-Gasto-Devengado.csv,2026-09-08
2018,OTROS GASTOS,1375117.0,4371989.0,4296798.42,4208177.06,4200219.57,4190912.93,96.07,MEF Datos Abiertos – Presupuesto y Ejecución de Gasto (Devengado),https://fs.datosabiertos.mef.gob.pe/datastorefiles/2018-Gasto-Devengado.csv,2026-09-08
2018,PENSIONES Y OTRAS PRESTACIONES SOCIALES,60553209.0,43544778.0,43500308.27,43084482.68,42815003.5,42716261.22,98.32,MEF Datos Abiertos – Presupuesto y Ejecución de Gasto (Devengado),https://fs.datosabiertos.mef.gob.pe/datastorefiles/2018-Gasto-Devengado.csv,2026-09-08
2018,PERSONAL Y OBLIGACIONES SOCIALES,42091000.0,40235802.0,39768414.48,39682115.45,39607924.21,39598475.99,98.44,MEF Datos Abiertos – Presupuesto y Ejecución de Gasto (Devengado),https://fs.datosabiertos.mef.gob.pe/datastorefiles/2018-Gasto-Devengado.csv,2026-09-08
2019,ADQUISICION DE ACTIVOS NO FINANCIEROS,17861522.0,29310174.0,28717197.51,28375644.61,26755591.57,26755591.57,91.28,MEF Datos Abiertos – Presupuesto y Ejecución de Gasto (Devengado),https://fs.datosabiertos.mef.gob.pe/datastorefiles/2019-Gasto-Devengado.csv,2026-09-08
2019,BIENES Y SERVICIOS,604160126.0,462693963.0,449777856.82,446390849.12,446174421.87,444175120.11,96.43,MEF Datos Abiertos – Presupuesto y Ejecución de Gasto (Devengado),https://fs.datosabiertos.mef.gob.pe/datastorefiles/2019-Gasto-Devengado.csv,2026-09-08
2019,DONACIONES Y TRANSFERENCIAS,6198380.0,2403684.0,2403681.29,2403680.29,2403680.29,2378412.19,100.0,MEF Datos Abiertos – Presupuesto y Ejecución de Gasto (Devengado),https://fs.datosabiertos.mef.gob.pe/datastorefiles/2019-Gasto-Devengado.csv,2026-09-08
2019,OTROS GASTOS,1375117.0,5643409.0,5626526.02,5626017.17,5617417.17,5610375.04,99.54,MEF Datos Abiertos – Presupuesto y Ejecución de Gasto (Devengado),https://fs.datosabiertos.mef.gob.pe/datastorefiles/2019-Gasto-Devengado.csv,2026-09-08
2019,PENSIONES Y OTRAS PRESTACIONES SOCIALES,60405521.0,42234386.0,41105132.23,40808023.79,40790731.32,40706630.82,96.58,MEF Datos Abiertos – Presupuesto y Ejecución de Gasto (Devengado),https://fs.datosabiertos.mef.gob.pe/datastorefiles/2019-Gasto-Devengado.csv,2026-09-08
2019,PERSONAL Y OBLIGACIONES SOCIALES,42644978.0,42901876.0,42685965.81,42634277.1,42544284.27,42532942.59,99.17,MEF Datos Abiertos – Presupuesto y Ejecución de Gasto (Devengado),https://fs.datosabiertos.mef.gob.pe/datastorefiles/2019-Gasto-Devengado.csv,2026-09-08
2020,ADQUISICION DE ACTIVOS NO FINANCIEROS,29397134.0,30183045.0,26944234.48,26549058.67,26525268.67,26525268.67,87.88,MEF Datos Abiertos – Presupuesto y Ejecución de Gasto (Devengado),https://fs.datosabiertos.mef.gob.pe/datastorefiles/2020-Gasto-Devengado.csv,2026-09-08
2020,BIENES Y SERVICIOS,621020522.0,466884167.0,455045085.27,453822710.69,453705729.73,452671836.63,97.18,MEF Datos Abiertos – Presupuesto y Ejecución de Gasto (Devengado),https://fs.datosabiertos.mef.gob.pe/datastorefiles/2020-Gasto-Devengado.csv,2026-09-08
2020,DONACIONES Y TRANSFERENCIAS,0.0,741192.0,732113.16,732113.16,732113.16,732113.16,98.78,MEF Datos Abiertos – Presupuesto y Ejecución de Gasto (Devengado),https://fs.datosabiertos.mef.gob.pe/datastorefiles/2020-Gasto-Devengado.csv,2026-09-08
2020,OTROS GASTOS,0.0,4446735.0,4308084.9,4297894.42,4297894.42,4296055.89,96.65,MEF Datos Abiertos – Presupuesto y Ejecución de Gasto (Devengado),https://fs.datosabiertos.mef.gob.pe/datastorefiles/2020-Gasto-Devengado.csv,2026-09-08
2020,PENSIONES Y OTRAS PRESTACIONES SOCIALES,31162848.0,27348714.0,26525745.95,26199705.48,26196931.76,26071298.07,95.79,MEF Datos Abiertos – Presupuesto y Ejecución de Gasto (Devengado),https://fs.datosabiertos.mef.gob.pe/datastorefiles/2020-Gasto-Devengado.csv,2026-09-08
2020,PERSONAL Y OBLIGACIONES SOCIALES,50782770.0,46848767.0,45207369.09,45189053.12,45187332.66,45163991.12,96.45,MEF Datos Abiertos – Presupuesto y Ejecución de Gasto (Devengado),https://fs.datosabiertos.mef.gob.pe/datastorefiles/2020-Gasto-Devengado.csv,2026-09-08
2021,ADQUISICION DE ACTIVOS NO FINANCIEROS,10153585.0,15903792.0,12979807.39,12772118.74,12772118.74,12767496.68,80.31,MEF Datos Abiertos – Presupuesto y Ejecución de Gasto (Devengado),https://fs.datosabiertos.mef.gob.pe/datastorefiles/2021-Gasto-Devengado.csv,2026-09-08
2021,BIENES Y SERVICIOS,567187711.0,516513489.0,506369778.52,505357718.75,505355409.24,504949547.53,97.84,MEF Datos Abiertos – Presupuesto y Ejecución de Gasto (Devengado),https://fs.datosabiertos.mef.gob.pe/datastorefiles/2021-Gasto-Devengado.csv,2026-09-08
2021,DONACIONES Y TRANSFERENCIAS,10000000.0,392389.0,392389.0,392389.0,392389.0,392389.0,100.0,MEF Datos Abiertos – Presupuesto y Ejecución de Gasto (Devengado),https://fs.datosabiertos.mef.gob.pe/datastorefiles/2021-Gasto-Devengado.csv,2026-09-08
2021,OTROS GASTOS,26673764.0,24836054.0,23508806.36,23489377.61,23488777.61,23457905.51,94.58,MEF Datos Abiertos – Presupuesto y Ejecución de Gasto (Devengado),https://fs.datosabiertos.mef.gob.pe/datastorefiles/2021-Gasto-Devengado.csv,2026-09-08
2021,PENSIONES Y OTRAS PRESTACIONES SOCIALES,33099153.0,28013781.0,26750321.71,26623092.83,26623092.83,26623092.83,95.04,MEF Datos Abiertos – Presupuesto y Ejecución de Gasto (Devengado),https://fs.datosabiertos.mef.gob.pe/datastorefiles/2021-Gasto-Devengado.csv,2026-09-08
2021,PERSONAL Y OBLIGACIONES SOCIALES,50237242.0,45236752.0,44486122.36,44114432.02,44113477.41,44111073.65,97.52,MEF Datos Abiertos – Presupuesto y Ejecución de Gasto (Devengado),https://fs.datosabiertos.mef.gob.pe/datastorefiles/2021-Gasto-Devengado.csv,2026-09-08
2022,ADQUISICION DE ACTIVOS NO FINANCIEROS,16221127.0,24874034.0,22146665.38,22138286.72,22137613.72,22137613.72,89.0,MEF Datos Abiertos – Presupuesto y Ejecución de Gasto (Devengado),https://fs.datosabiertos.mef.gob.pe/datastorefiles/2022-Gasto-Devengado.csv,2026-09-08
2022,BIENES Y SERVICIOS,574189252.0,570519902.0,561361260.39,559619924.16,559579885.39,558854286.84,98.08,MEF Datos Abiertos – Presupuesto y Ejecución de Gasto (Devengado),https://fs.datosabiertos.mef.gob.pe/datastorefiles/2022-Gasto-Devengado.csv,2026-09-08
2022,DONACIONES Y TRANSFERENCIAS,0.0,816521.0,816520.28,816520.28,816520.28,816520.28,100.0,MEF Datos Abiertos – Presupuesto y Ejecución de Gasto (Devengado),https://fs.datosabiertos.mef.gob.pe/datastorefiles/2022-Gasto-Devengado.csv,2026-09-08
2022,OTROS GASTOS,37676679.0,64982177.0,64849144.56,64711497.46,64709289.46,64670796.84,99.58,MEF Datos Abiertos – Presupuesto y Ejecución de Gasto (Devengado),https://fs.datosabiertos.mef.gob.pe/datastorefiles/2022-Gasto-Devengado.csv,2026-09-08
2022,PENSIONES Y OTRAS PRESTACIONES SOCIALES,36980110.0,35102779.0,34492037.47,34112367.97,34112367.97,34109642.27,97.18,MEF Datos Abiertos – Presupuesto y Ejecución de Gasto (Devengado),https://fs.datosabiertos.mef.gob.pe/datastorefiles/2022-Gasto-Devengado.csv,2026-09-08
2022,PERSONAL Y OBLIGACIONES SOCIALES,48342881.0,44980778.0,43903330.12,43492009.72,43487509.72,43487009.76,96.68,MEF Datos Abiertos – Presupuesto y Ejecución de Gasto (Devengado),https://fs.datosabiertos.mef.gob.pe/datastorefiles/2022-Gasto-Devengado.csv,2026-09-08
2023,ADQUISICION DE ACTIVOS NO FINANCIEROS,20605928.0,29461624.0,28469592.14,28175779.03,28128178.63,28128178.63,95.47,MEF Datos Abiertos – Presupuesto y Ejecución de Gasto (Devengado),https://fs.datosabiertos.mef.gob.pe/datastorefiles/2023-Gasto-Devengado.csv,2026-09-08
2023,BIENES Y SERVICIOS,546500394.0,617272932.0,607411256.98,606334714.12,606331863.22,605634544.9,98.23,MEF Datos Abiertos – Presupuesto y Ejecución de Gasto (Devengado),https://fs.datosabiertos.mef.gob.pe/datastorefiles/2023-Gasto-Devengado.csv,2026-09-08
2023,DONACIONES Y TRANSFERENCIAS,0.0,751939.0,751938.03,751938.03,751938.03,751938.03,100.0,MEF Datos Abiertos – Presupuesto y Ejecución de Gasto (Devengado),https://fs.datosabiertos.mef.gob.pe/datastorefiles/2023-Gasto-Devengado.csv,2026-09-08
2023,OTROS GASTOS,128096181.0,132242298.0,132173780.33,132102049.45,132054896.76,132045700.83,99.86,MEF Datos Abiertos – Presupuesto y Ejecución de Gasto (Devengado),https://fs.datosabiertos.mef.gob.pe/datastorefiles/2023-Gasto-Devengado.csv,2026-09-08
2023,PENSIONES Y OTRAS PRESTACIONES SOCIALES,43609349.0,37382826.0,36443057.73,36185902.67,36185902.67,36185892.57,96.8,MEF Datos Abiertos – Presupuesto y Ejecución de Gasto (Devengado),https://fs.datosabiertos.mef.gob.pe/datastorefiles/2023-Gasto-Devengado.csv,2026-09-08
2023,PERSONAL Y OBLIGACIONES SOCIALES,50732814.0,43949073.0,42872733.94,42783362.96,42691312.96,42670005.26,97.14,MEF Datos Abiertos – Presupuesto y Ejecución de Gasto (Devengado),https://fs.datosabiertos.mef.gob.pe/datastorefiles/2023-Gasto-Devengado.csv,2026-09-08
2024,ADQUISICION DE ACTIVOS NO FINANCIEROS,26506553.0,32615529.0,31144802.79,30544690.81,30544690.81,30544462.03,93.65,MEF Datos Abiertos – Presupuesto y Ejecución de Gasto (Devengado),https://fs.datosabiertos.mef.gob.pe/datastorefiles/2024-Gasto-Devengado.csv,2026-09-08
2024,BIENES Y SERVICIOS,185079669.0,193404715.0,189095005.42,188333079.31,188332238.09,187573075.71,97.38,MEF Datos Abiertos – Presupuesto y Ejecución de Gasto (Devengado),https://fs.datosabiertos.mef.gob.pe/datastorefiles/2024-Gasto-Devengado.csv,2026-09-08
2024,DONACIONES Y TRANSFERENCIAS,100000.0,470777.0,470776.5,470776.5,470776.5,470776.5,100.0,MEF Datos Abiertos – Presupuesto y Ejecución de Gasto (Devengado),https://fs.datosabiertos.mef.gob.pe/datastorefiles/2024-Gasto-Devengado.csv,2026-09-08
2024,OTROS GASTOS,208649620.0,202980887.0,202966963.07,202937598.0,202896798.0,202782093.85,99.96,MEF Datos Abiertos – Presupuesto y Ejecución de Gasto (Devengado),https://fs.datosabiertos.mef.gob.pe/datastorefiles/2024-Gasto-Devengado.csv,2026-09-08
2024,PENSIONES Y OTRAS PRESTACIONES SOCIALES,37200538.0,36484175.0,36325572.28,36120810.43,36120810.43,36115429.29,99.0,MEF Datos Abiertos – Presupuesto y Ejecución de Gasto (Devengado),https://fs.datosabiertos.mef.gob.pe/datastorefiles/2024-Gasto-Devengado.csv,2026-09-08
2024,PERSONAL Y OBLIGACIONES SOCIALES,512075128.0,466661030.0,464644575.79,463729964.44,463708066.1,463434453.0,99.37,MEF Datos Abiertos – Presupuesto y Ejecución de Gasto (Devengado),https://fs.datosabiertos.mef.gob.pe/datastorefiles/2024-Gasto-Devengado.csv,2026-09-08
2025,ADQUISICION DE ACTIVOS NO FINANCIEROS,17532528.0,16557851.0,16317042.49,16304405.19,16239590.4,16239590.4,98.08,MEF Datos Abiertos – Presupuesto y Ejecución de Gasto (Devengado),https://fs.datosabiertos.mef.gob.pe/datastorefiles/2025-Gasto-Devengado-Mensual.csv,2026-09-08
2025,BIENES Y SERVICIOS,195330765.0,191645159.0,189225178.53,188619567.15,186351995.36,185788160.82,97.24,MEF Datos Abiertos – Presupuesto y Ejecución de Gasto (Devengado),https://fs.datosabiertos.mef.gob.pe/datastorefiles/2025-Gasto-Devengado-Mensual.csv,2026-09-08
2025,DONACIONES Y TRANSFERENCIAS,686004.0,634368.0,634368.0,634368.0,634368.0,634368.0,100.0,MEF Datos Abiertos – Presupuesto y Ejecución de Gasto (Devengado),https://fs.datosabiertos.mef.gob.pe/datastorefiles/2025-Gasto-Devengado-Mensual.csv,2026-09-08
2025,OTROS GASTOS,207835165.0,251558435.0,251537995.64,251288394.25,251285946.44,249339134.18,99.89,MEF Datos Abiertos – Presupuesto y Ejecución de Gasto (Devengado),https://fs.datosabiertos.mef.gob.pe/datastorefiles/2025-Gasto-Devengado-Mensual.csv,2026-09-08
2025,PENSIONES Y OTRAS PRESTACIONES SOCIALES,39480062.0,34487514.0,34165953.3,33899112.42,33595810.81,33595761.84,97.41,MEF Datos Abiertos – Presupuesto y Ejecución de Gasto (Devengado),https://fs.datosabiertos.mef.gob.pe/datastorefiles/2025-Gasto-Devengado-Mensual.csv,2026-09-08
2025,PERSONAL Y OBLIGACIONES SOCIALES,535432609.0,510473763.0,508833646.5,508483588.54,507484986.34,507385777.2,99.41,MEF Datos Abiertos – Presupuesto y Ejecución de Gasto (Devengado),https://fs.datosabiertos.mef.gob.pe/datastorefiles/2025-Gasto-Devengado-Mensual.csv,2026-09-08
