anio,unidad_ejecutora,pia,pim,certificado,comprometido,devengado,girado,ejecucion_pct_dev_pim,fuente,url,fecha_descarga
2019,MINISTERIO DE LA MUJER Y POBLACIONES VULNERABLES- ADM. NIVEL CENTRAL,125263743.0,112296487.0,109782308.46,109116009.47,109100860.65,108696039.48,97.15,MEF Datos Abiertos – Presupuesto y Ejecución de Gasto (Devengado),https://fs.datosabiertos.mef.gob.pe/datastorefiles/2019-Gasto-Devengado.csv,2026-09-08
2019,PROGRAMA INTEGRAL NACIONAL PARA EL BIENESTAR FAMILIAR- INABIF,168588451.0,190397377.0,184946700.17,184268688.49,182366039.12,181833444.95,95.78,MEF Datos Abiertos – Presupuesto y Ejecución de Gasto (Devengado),https://fs.datosabiertos.mef.gob.pe/datastorefiles/2019-Gasto-Devengado.csv,2026-09-08
2019,PROGRAMA NACIONAL CONTRA LA VIOLENCIA FAMILIAR Y SEXUAL (PNCVFS),438793450.0,282493628.0,275587351.05,272853794.12,272819226.72,271629587.89,96.58,MEF Datos Abiertos – Presupuesto y Ejecución de Gasto (Devengado),https://fs.datosabiertos.mef.gob.pe/datastorefiles/2019-Gasto-Devengado.csv,2026-09-08
2020,MINISTERIO DE LA MUJER Y POBLACIONES VULNERABLES- ADM. NIVEL CENTRAL,124884330.0,125318047.0,118191756.67,118103684.41,118073757.68,117951456.54,94.22,MEF Datos Abiertos – Presupuesto y Ejecución de Gasto (Devengado),https://fs.datosabiertos.mef.gob.pe/datastorefiles/2020-Gasto-Devengado.csv,2026-09-08
2020,PROGRAMA INTEGRAL NACIONAL PARA EL BIENESTAR FAMILIAR- INABIF,190494209.0,192294877.0,186239758.97,184970006.76,184897815.31,184397941.75,96.15,MEF Datos Abiertos – Presupuesto y Ejecución de Gasto (Devengado),https://fs.datosabiertos.mef.gob.pe/datastorefiles/2020-Gasto-Devengado.csv,2026-09-08
2020,PROGRAMA NACIONAL CONTRA LA VIOLENCIA FAMILIAR Y SEXUAL (PNCVFS),416984735.0,258839696.0,254331117.21,253716844.37,253673697.41,253111165.25,98.0,MEF Datos Abiertos – Presupuesto y Ejecución de Gasto (Devengado),https://fs.datosabiertos.mef.gob.pe/datastorefiles/2020-Gasto-Devengado.csv,2026-09-08
2021,MINISTERIO DE LA MUJER Y POBLACIONES VULNERABLES- ADM. NIVEL CENTRAL,142874546.0,122231574.0,118716028.3,117202102.55,117200987.79,117148578.93,95.88,MEF Datos Abiertos – Presupuesto y Ejecución de Gasto (Devengado),https://fs.datosabiertos.mef.gob.pe/datastorefiles/2021-Gasto-Devengado.csv,2026-09-08
2021,PROGRAMA INTEGRAL NACIONAL PARA EL BIENESTAR FAMILIAR- INABIF,202287477.0,213507511.0,209255111.08,209071235.58,209069086.22,209012430.02,97.92,MEF Datos Abiertos – Presupuesto y Ejecución de Gasto (Devengado),https://fs.datosabiertos.mef.gob.pe/datastorefiles/2021-Gasto-Devengado.csv,2026-09-08
2021,PROGRAMA NACIONAL CONTRA LA VIOLENCIA FAMILIAR Y SEXUAL (PNCVFS),352189432.0,295157172.0,286516085.96,286475790.82,286475190.82,286140496.25,97.06,MEF Datos Abiertos – Presupuesto y Ejecución de Gasto (Devengado),https://fs.datosabiertos.mef.gob.pe/datastorefiles/2021-Gasto-Devengado.csv,2026-09-08
2022,MINISTERIO DE LA MUJER Y POBLACIONES VULNERABLES- ADM. NIVEL CENTRAL,139674836.0,142897496.0,138878927.0,137564438.68,137520570.2,137362587.43,96.24,MEF Datos Abiertos – Presupuesto y Ejecución de Gasto (Devengado),https://fs.datosabiertos.mef.gob.pe/datastorefiles/2022-Gasto-Devengado.csv,2026-09-08
2022,PROGRAMA INTEGRAL NACIONAL PARA EL BIENESTAR FAMILIAR- INABIF,241185037.0,275446752.0,270824822.37,269462748.29,269462748.29,269366525.64,97.83,MEF Datos Abiertos – Presupuesto y Ejecución de Gasto (Devengado),https://fs.datosabiertos.mef.gob.pe/datastorefiles/2022-Gasto-Devengado.csv,2026-09-08
2022,PROGRAMA NACIONAL CONTRA LA VIOLENCIA FAMILIAR Y SEXUAL (PNCVFS),332550176.0,322931943.0,317865208.83,317863419.34,317859868.05,317346756.64,98.43,MEF Datos Abiertos – Presupuesto y Ejecución de Gasto (Devengado),https://fs.datosabiertos.mef.gob.pe/datastorefiles/2022-Gasto-Devengado.csv,2026-09-08
2023,MINISTERIO DE LA MUJER Y POBLACIONES VULNERABLES- ADM. NIVEL CENTRAL,150663108.0,159422206.0,155564354.19,154760654.23,154612658.43,154333986.65,96.98,MEF Datos Abiertos – Presupuesto y Ejecución de Gasto (Devengado),https://fs.datosabiertos.mef.gob.pe/datastorefiles/2023-Gasto-Devengado.csv,2026-09-08
2023,PROGRAMA INTEGRAL NACIONAL PARA EL BIENESTAR FAMILIAR- INABIF,328831372.0,357335311.0,353680273.93,352731076.77,352689418.58,352638424.69,98.7,MEF Datos Abiertos – Presupuesto y Ejecución de Gasto (Devengado),https://fs.datosabiertos.mef.gob.pe/datastorefiles/2023-Gasto-Devengado.csv,2026-09-08
2023,PROGRAMA NACIONAL CONTRA LA VIOLENCIA FAMILIAR Y SEXUAL (PNCVFS),310050186.0,344303175.0,338877731.03,338842015.26,338842015.26,338443848.88,98.41,MEF Datos Abiertos – Presupuesto y Ejecución de Gasto (Devengado),https://fs.datosabiertos.mef.gob.pe/datastorefiles/2023-Gasto-Devengado.csv,2026-09-08
2024,MINISTERIO DE LA MUJER Y POBLACIONES VULNERABLES- ADM. NIVEL CENTRAL,174579938.0,176341329.0,174107981.47,173220057.84,173207851.84,173029089.78,98.22,MEF Datos Abiertos – Presupuesto y Ejecución de Gasto (Devengado),https://fs.datosabiertos.mef.gob.pe/datastorefiles/2024-Gasto-Devengado.csv,2026-09-08
2024,PROGRAMA INTEGRAL NACIONAL PARA EL BIENESTAR FAMILIAR- INABIF,454093808.0,422478748.0,418734373.03,417313057.03,417260516.99,417122164.39,98.76,MEF Datos Abiertos – Presupuesto y Ejecución de Gasto (Devengado),https://fs.datosabiertos.mef.gob.pe/datastorefiles/2024-Gasto-Devengado.csv,2026-09-08
2024,PROGRAMA NACIONAL CONTRA LA VIOLENCIA FAMILIAR Y SEXUAL (PNCVFS),340937762.0,333797036.0,331805341.35,331603804.62,331605011.1,330769036.21,99.34,MEF Datos Abiertos – Presupuesto y Ejecución de Gasto (Devengado),https://fs.datosabiertos.mef.gob.pe/datastorefiles/2024-Gasto-Devengado.csv,2026-09-08
2025,MINISTERIO DE LA MUJER Y POBLACIONES VULNERABLES- ADM. NIVEL CENTRAL,209138571.0,205358141.0,203468844.21,202736573.35,199945158.21,199698604.27,97.36,MEF Datos Abiertos – Presupuesto y Ejecución de Gasto (Devengado),https://fs.datosabiertos.mef.gob.pe/datastorefiles/2025-Gasto-Devengado-Mensual.csv,2026-09-08
2025,PROGRAMA INTEGRAL NACIONAL PARA EL BIENESTAR FAMILIAR- INABIF,423134989.0,436635754.0,434673047.32,434154132.26,433791813.43,433657974.45,99.35,MEF Datos Abiertos – Presupuesto y Ejecución de Gasto (Devengado),https://fs.datosabiertos.mef.gob.pe/datastorefiles/2025-Gasto-Devengado-Mensual.csv,2026-09-08
2025,PROGRAMA NACIONAL CONTRA LA VIOLENCIA FAMILIAR Y SEXUAL (PNCVFS),364023573.0,363363195.0,362572292.93,362338729.94,361855725.71,359626213.72,99.59,MEF Datos Abiertos – Presupuesto y Ejecución de Gasto (Devengado),https://fs.datosabiertos.mef.gob.pe/datastorefiles/2025-Gasto-Devengado-Mensual.csv,2026-09-08
