anio,departamento_meta,pia,pim,certificado,comprometido,devengado,girado,ejecucion_pct_dev_pim,fuente,url,fecha_descarga
2019,AMAZONAS,1445281.0,3434786.0,3380943.41,3347143.22,3346612.13,3340170.2,97.43,MEF Datos Abiertos – Presupuesto y Ejecución de Gasto (Devengado),https://fs.datosabiertos.mef.gob.pe/datastorefiles/2019-Gasto-Devengado.csv,2026-09-08
2019,ANCASH,5383291.0,10921094.0,10816219.69,10799018.15,10798980.47,10772617.12,98.88,MEF Datos Abiertos – Presupuesto y Ejecución de Gasto (Devengado),https://fs.datosabiertos.mef.gob.pe/datastorefiles/2019-Gasto-Devengado.csv,2026-09-08
2019,APURIMAC,269994.0,4603795.0,4566961.49,4557651.87,4557651.87,4530850.94,99.0,MEF Datos Abiertos – Presupuesto y Ejecución de Gasto (Devengado),https://fs.datosabiertos.mef.gob.pe/datastorefiles/2019-Gasto-Devengado.csv,2026-09-08
2019,AREQUIPA,18920092.0,16470287.0,15881301.35,15857312.43,15856672.43,15795387.13,96.27,MEF Datos Abiertos – Presupuesto y Ejecución de Gasto (Devengado),https://fs.datosabiertos.mef.gob.pe/datastorefiles/2019-Gasto-Devengado.csv,2026-09-08
2019,AYACUCHO,2635079.0,7447953.0,7054562.16,7035201.06,7035182.78,6998130.45,94.46,MEF Datos Abiertos – Presupuesto y Ejecución de Gasto (Devengado),https://fs.datosabiertos.mef.gob.pe/datastorefiles/2019-Gasto-Devengado.csv,2026-09-08
2019,CAJAMARCA,2465574.0,6242359.0,6151575.22,6140657.22,6140583.9,6120336.6,98.37,MEF Datos Abiertos – Presupuesto y Ejecución de Gasto (Devengado),https://fs.datosabiertos.mef.gob.pe/datastorefiles/2019-Gasto-Devengado.csv,2026-09-08
2019,CUSCO,4600209.0,14429380.0,14225916.55,14198427.06,14139540.94,14096318.63,97.99,MEF Datos Abiertos – Presupuesto y Ejecución de Gasto (Devengado),https://fs.datosabiertos.mef.gob.pe/datastorefiles/2019-Gasto-Devengado.csv,2026-09-08
2019,HUANCAVELICA,621565.0,3405665.0,3366692.35,3360814.3,3360814.3,3354771.96,98.68,MEF Datos Abiertos – Presupuesto y Ejecución de Gasto (Devengado),https://fs.datosabiertos.mef.gob.pe/datastorefiles/2019-Gasto-Devengado.csv,2026-09-08
2019,HUANUCO,3616844.0,8693310.0,8548937.89,8529133.88,8528346.76,8427031.76,98.1,MEF Datos Abiertos – Presupuesto y Ejecución de Gasto (Devengado),https://fs.datosabiertos.mef.gob.pe/datastorefiles/2019-Gasto-Devengado.csv,2026-09-08
2019,ICA,7304192.0,10761454.0,10554899.21,10536870.14,9178633.14,9112934.91,85.29,MEF Datos Abiertos – Presupuesto y Ejecución de Gasto (Devengado),https://fs.datosabiertos.mef.gob.pe/datastorefiles/2019-Gasto-Devengado.csv,2026-09-08
2019,JUNIN,3085385.0,11883914.0,11764452.83,11750239.63,11749665.88,11695567.36,98.87,MEF Datos Abiertos – Presupuesto y Ejecución de Gasto (Devengado),https://fs.datosabiertos.mef.gob.pe/datastorefiles/2019-Gasto-Devengado.csv,2026-09-08
2019,LA LIBERTAD,2595066.0,10362408.0,10290657.01,10280428.11,10280108.11,10240467.41,99.21,MEF Datos Abiertos – Presupuesto y Ejecución de Gasto (Devengado),https://fs.datosabiertos.mef.gob.pe/datastorefiles/2019-Gasto-Devengado.csv,2026-09-08
2019,LAMBAYEQUE,3393918.0,9201771.0,9078384.55,8943160.57,8937373.42,8889291.14,97.13,MEF Datos Abiertos – Presupuesto y Ejecución de Gasto (Devengado),https://fs.datosabiertos.mef.gob.pe/datastorefiles/2019-Gasto-Devengado.csv,2026-09-08
2019,LIMA,644775541.0,385037928.0,374391717.71,371084270.85,370740859.43,369577098.81,96.29,MEF Datos Abiertos – Presupuesto y Ejecución de Gasto (Devengado),https://fs.datosabiertos.mef.gob.pe/datastorefiles/2019-Gasto-Devengado.csv,2026-09-08
2019,LORETO,5766577.0,10523234.0,10184278.99,10035792.22,10001832.2,9962651.04,95.05,MEF Datos Abiertos – Presupuesto y Ejecución de Gasto (Devengado),https://fs.datosabiertos.mef.gob.pe/datastorefiles/2019-Gasto-Devengado.csv,2026-09-08
2019,MADRE DE DIOS,1326645.0,7423065.0,6932017.71,6865544.15,6829136.38,6738523.27,92.0,MEF Datos Abiertos – Presupuesto y Ejecución de Gasto (Devengado),https://fs.datosabiertos.mef.gob.pe/datastorefiles/2019-Gasto-Devengado.csv,2026-09-08
2019,MOQUEGUA,6831843.0,5087814.0,5061824.88,5058906.18,5058906.18,5028617.88,99.43,MEF Datos Abiertos – Presupuesto y Ejecución de Gasto (Devengado),https://fs.datosabiertos.mef.gob.pe/datastorefiles/2019-Gasto-Devengado.csv,2026-09-08
2019,PASCO,269994.0,2803355.0,2785576.92,2782839.91,2782839.91,2773663.82,99.27,MEF Datos Abiertos – Presupuesto y Ejecución de Gasto (Devengado),https://fs.datosabiertos.mef.gob.pe/datastorefiles/2019-Gasto-Devengado.csv,2026-09-08
2019,PIURA,2365017.0,7358526.0,7294462.2,7274679.01,7274679.01,7242568.47,98.86,MEF Datos Abiertos – Presupuesto y Ejecución de Gasto (Devengado),https://fs.datosabiertos.mef.gob.pe/datastorefiles/2019-Gasto-Devengado.csv,2026-09-08
2019,PROVINCIA CONSTITUCIONAL DEL CALLAO,6582952.0,16221494.0,16072360.75,16004949.45,15897895.85,15877187.25,98.01,MEF Datos Abiertos – Presupuesto y Ejecución de Gasto (Devengado),https://fs.datosabiertos.mef.gob.pe/datastorefiles/2019-Gasto-Devengado.csv,2026-09-08
2019,PUNO,5074197.0,12694730.0,12476490.05,12442387.69,12440461.42,12393477.38,98.0,MEF Datos Abiertos – Presupuesto y Ejecución de Gasto (Devengado),https://fs.datosabiertos.mef.gob.pe/datastorefiles/2019-Gasto-Devengado.csv,2026-09-08
2019,SAN MARTIN,0.0,3820728.0,3768035.75,3761689.19,3761689.19,3753689.39,98.45,MEF Datos Abiertos – Presupuesto y Ejecución de Gasto (Devengado),https://fs.datosabiertos.mef.gob.pe/datastorefiles/2019-Gasto-Devengado.csv,2026-09-08
2019,TACNA,2567252.0,7387361.0,7286747.65,7273846.72,7273051.72,7224597.49,98.45,MEF Datos Abiertos – Presupuesto y Ejecución de Gasto (Devengado),https://fs.datosabiertos.mef.gob.pe/datastorefiles/2019-Gasto-Devengado.csv,2026-09-08
2019,TUMBES,527707.0,3910186.0,3853091.45,3830131.39,3830131.39,3745264.42,97.95,MEF Datos Abiertos – Presupuesto y Ejecución de Gasto (Devengado),https://fs.datosabiertos.mef.gob.pe/datastorefiles/2019-Gasto-Devengado.csv,2026-09-08
2019,UCAYALI,221429.0,5060895.0,4528251.91,4487397.68,4484477.68,4467857.49,88.61,MEF Datos Abiertos – Presupuesto y Ejecución de Gasto (Devengado),https://fs.datosabiertos.mef.gob.pe/datastorefiles/2019-Gasto-Devengado.csv,2026-09-08
2020,AMAZONAS,5165110.0,2854376.0,2807765.21,2803442.85,2803442.85,2798769.55,98.22,MEF Datos Abiertos – Presupuesto y Ejecución de Gasto (Devengado),https://fs.datosabiertos.mef.gob.pe/datastorefiles/2020-Gasto-Devengado.csv,2026-09-08
2020,ANCASH,11495535.0,11443527.0,11389324.34,11381801.28,11381801.28,11314813.17,99.46,MEF Datos Abiertos – Presupuesto y Ejecución de Gasto (Devengado),https://fs.datosabiertos.mef.gob.pe/datastorefiles/2020-Gasto-Devengado.csv,2026-09-08
2020,APURIMAC,5263779.0,4429985.0,4392463.93,4391280.49,4391280.49,4379864.02,99.13,MEF Datos Abiertos – Presupuesto y Ejecución de Gasto (Devengado),https://fs.datosabiertos.mef.gob.pe/datastorefiles/2020-Gasto-Devengado.csv,2026-09-08
2020,AREQUIPA,15756675.0,18502738.0,18272703.89,18261303.8,18257055.92,18229036.71,98.67,MEF Datos Abiertos – Presupuesto y Ejecución de Gasto (Devengado),https://fs.datosabiertos.mef.gob.pe/datastorefiles/2020-Gasto-Devengado.csv,2026-09-08
2020,AYACUCHO,7465173.0,6845176.0,6768205.33,6760763.8,6759944.6,6743167.46,98.75,MEF Datos Abiertos – Presupuesto y Ejecución de Gasto (Devengado),https://fs.datosabiertos.mef.gob.pe/datastorefiles/2020-Gasto-Devengado.csv,2026-09-08
2020,CAJAMARCA,6685708.0,5551844.0,5489157.72,5481143.1,5481143.1,5459251.34,98.73,MEF Datos Abiertos – Presupuesto y Ejecución de Gasto (Devengado),https://fs.datosabiertos.mef.gob.pe/datastorefiles/2020-Gasto-Devengado.csv,2026-09-08
2020,CUSCO,13538544.0,14697390.0,14568916.43,14560493.08,14560469.08,14534865.31,99.07,MEF Datos Abiertos – Presupuesto y Ejecución de Gasto (Devengado),https://fs.datosabiertos.mef.gob.pe/datastorefiles/2020-Gasto-Devengado.csv,2026-09-08
2020,HUANCAVELICA,3883087.0,3403356.0,3356464.28,3352984.11,3352984.11,3347694.01,98.52,MEF Datos Abiertos – Presupuesto y Ejecución de Gasto (Devengado),https://fs.datosabiertos.mef.gob.pe/datastorefiles/2020-Gasto-Devengado.csv,2026-09-08
2020,HUANUCO,8364146.0,7492884.0,7415662.98,7411342.14,7407057.53,7355136.99,98.85,MEF Datos Abiertos – Presupuesto y Ejecución de Gasto (Devengado),https://fs.datosabiertos.mef.gob.pe/datastorefiles/2020-Gasto-Devengado.csv,2026-09-08
2020,ICA,11436568.0,11846612.0,11709187.65,11687546.0,11684480.0,11635668.75,98.63,MEF Datos Abiertos – Presupuesto y Ejecución de Gasto (Devengado),https://fs.datosabiertos.mef.gob.pe/datastorefiles/2020-Gasto-Devengado.csv,2026-09-08
2020,JUNIN,10661784.0,11267006.0,11149026.02,11142847.49,11142847.49,11126103.61,98.9,MEF Datos Abiertos – Presupuesto y Ejecución de Gasto (Devengado),https://fs.datosabiertos.mef.gob.pe/datastorefiles/2020-Gasto-Devengado.csv,2026-09-08
2020,LA LIBERTAD,8588683.0,12313632.0,12214747.53,12209683.19,12207183.19,12177274.07,99.14,MEF Datos Abiertos – Presupuesto y Ejecución de Gasto (Devengado),https://fs.datosabiertos.mef.gob.pe/datastorefiles/2020-Gasto-Devengado.csv,2026-09-08
2020,LAMBAYEQUE,8064699.0,10139173.0,10038936.08,10029687.15,10029687.15,9976369.63,98.92,MEF Datos Abiertos – Presupuesto y Ejecución de Gasto (Devengado),https://fs.datosabiertos.mef.gob.pe/datastorefiles/2020-Gasto-Devengado.csv,2026-09-08
2020,LIMA,542211457.0,378838929.0,363237112.34,361465095.04,361368301.33,360827421.6,95.39,MEF Datos Abiertos – Presupuesto y Ejecución de Gasto (Devengado),https://fs.datosabiertos.mef.gob.pe/datastorefiles/2020-Gasto-Devengado.csv,2026-09-08
2020,LORETO,8206579.0,8042217.0,7859087.6,7847177.43,7847177.43,7770208.11,97.57,MEF Datos Abiertos – Presupuesto y Ejecución de Gasto (Devengado),https://fs.datosabiertos.mef.gob.pe/datastorefiles/2020-Gasto-Devengado.csv,2026-09-08
2020,MADRE DE DIOS,3622722.0,5404169.0,5296913.25,5266506.64,5266506.64,5249512.58,97.45,MEF Datos Abiertos – Presupuesto y Ejecución de Gasto (Devengado),https://fs.datosabiertos.mef.gob.pe/datastorefiles/2020-Gasto-Devengado.csv,2026-09-08
2020,MOQUEGUA,2885585.0,3539179.0,3501440.82,3498808.49,3498808.49,3491864.39,98.86,MEF Datos Abiertos – Presupuesto y Ejecución de Gasto (Devengado),https://fs.datosabiertos.mef.gob.pe/datastorefiles/2020-Gasto-Devengado.csv,2026-09-08
2020,PASCO,3285535.0,2498759.0,2490919.82,2487967.2,2487967.2,2481096.95,99.57,MEF Datos Abiertos – Presupuesto y Ejecución de Gasto (Devengado),https://fs.datosabiertos.mef.gob.pe/datastorefiles/2020-Gasto-Devengado.csv,2026-09-08
2020,PIURA,7504929.0,7773002.0,7689849.05,7687228.23,7657138.49,7636930.91,98.51,MEF Datos Abiertos – Presupuesto y Ejecución de Gasto (Devengado),https://fs.datosabiertos.mef.gob.pe/datastorefiles/2020-Gasto-Devengado.csv,2026-09-08
2020,PROVINCIA CONSTITUCIONAL DEL CALLAO,20635105.0,18735194.0,18661061.83,18642442.98,18639012.98,18628749.5,99.49,MEF Datos Abiertos – Presupuesto y Ejecución de Gasto (Devengado),https://fs.datosabiertos.mef.gob.pe/datastorefiles/2020-Gasto-Devengado.csv,2026-09-08
2020,PUNO,11322399.0,13135465.0,12998517.19,12982349.63,12982349.63,12948341.82,98.83,MEF Datos Abiertos – Presupuesto y Ejecución de Gasto (Devengado),https://fs.datosabiertos.mef.gob.pe/datastorefiles/2020-Gasto-Devengado.csv,2026-09-08
2020,SAN MARTIN,4440733.0,3953418.0,3940111.59,3936669.8,3936669.8,3922814.6,99.58,MEF Datos Abiertos – Presupuesto y Ejecución de Gasto (Devengado),https://fs.datosabiertos.mef.gob.pe/datastorefiles/2020-Gasto-Devengado.csv,2026-09-08
2020,TACNA,6639333.0,7085069.0,6979836.78,6972103.88,6972093.88,6955804.98,98.41,MEF Datos Abiertos – Presupuesto y Ejecución de Gasto (Devengado),https://fs.datosabiertos.mef.gob.pe/datastorefiles/2020-Gasto-Devengado.csv,2026-09-08
2020,TUMBES,3456222.0,4034346.0,3963272.04,3959911.04,3959911.04,3902009.3,98.15,MEF Datos Abiertos – Presupuesto y Ejecución de Gasto (Devengado),https://fs.datosabiertos.mef.gob.pe/datastorefiles/2020-Gasto-Devengado.csv,2026-09-08
2020,UCAYALI,1783184.0,2625174.0,2571949.15,2569956.7,2569956.7,2567794.18,97.9,MEF Datos Abiertos – Presupuesto y Ejecución de Gasto (Devengado),https://fs.datosabiertos.mef.gob.pe/datastorefiles/2020-Gasto-Devengado.csv,2026-09-08
2021,AMAZONAS,20319202.0,4386629.0,4268422.13,4242084.2,4241672.2,4238058.47,96.7,MEF Datos Abiertos – Presupuesto y Ejecución de Gasto (Devengado),https://fs.datosabiertos.mef.gob.pe/datastorefiles/2021-Gasto-Devengado.csv,2026-09-08
2021,ANCASH,19373047.0,13195030.0,13069493.01,13041288.17,13041252.17,13025605.35,98.83,MEF Datos Abiertos – Presupuesto y Ejecución de Gasto (Devengado),https://fs.datosabiertos.mef.gob.pe/datastorefiles/2021-Gasto-Devengado.csv,2026-09-08
2021,APURIMAC,5319979.0,5337597.0,5267692.43,5253705.58,5253680.86,5248006.03,98.43,MEF Datos Abiertos – Presupuesto y Ejecución de Gasto (Devengado),https://fs.datosabiertos.mef.gob.pe/datastorefiles/2021-Gasto-Devengado.csv,2026-09-08
2021,AREQUIPA,38828896.0,22207708.0,21778144.39,21754570.84,21754469.48,21745998.73,97.96,MEF Datos Abiertos – Presupuesto y Ejecución de Gasto (Devengado),https://fs.datosabiertos.mef.gob.pe/datastorefiles/2021-Gasto-Devengado.csv,2026-09-08
2021,AYACUCHO,8643546.0,8135082.0,8002450.85,7993592.54,7993512.54,7988443.21,98.26,MEF Datos Abiertos – Presupuesto y Ejecución de Gasto (Devengado),https://fs.datosabiertos.mef.gob.pe/datastorefiles/2021-Gasto-Devengado.csv,2026-09-08
2021,CAJAMARCA,8915597.0,6165441.0,6057242.49,6038593.82,6038593.82,6032814.66,97.94,MEF Datos Abiertos – Presupuesto y Ejecución de Gasto (Devengado),https://fs.datosabiertos.mef.gob.pe/datastorefiles/2021-Gasto-Devengado.csv,2026-09-08
2021,CUSCO,13630281.0,16882455.0,16624658.86,16608297.99,16608278.27,16591581.18,98.38,MEF Datos Abiertos – Presupuesto y Ejecución de Gasto (Devengado),https://fs.datosabiertos.mef.gob.pe/datastorefiles/2021-Gasto-Devengado.csv,2026-09-08
2021,HUANCAVELICA,3456027.0,5302992.0,5227466.97,5202570.31,5202570.31,5196494.36,98.11,MEF Datos Abiertos – Presupuesto y Ejecución de Gasto (Devengado),https://fs.datosabiertos.mef.gob.pe/datastorefiles/2021-Gasto-Devengado.csv,2026-09-08
2021,HUANUCO,7643002.0,8833729.0,8702302.8,8683484.76,8683452.76,8675990.6,98.3,MEF Datos Abiertos – Presupuesto y Ejecución de Gasto (Devengado),https://fs.datosabiertos.mef.gob.pe/datastorefiles/2021-Gasto-Devengado.csv,2026-09-08
2021,ICA,14716063.0,15076496.0,14834506.77,14810600.32,14810576.32,14794775.99,98.24,MEF Datos Abiertos – Presupuesto y Ejecución de Gasto (Devengado),https://fs.datosabiertos.mef.gob.pe/datastorefiles/2021-Gasto-Devengado.csv,2026-09-08
2021,JUNIN,11101921.0,12111028.0,11965401.95,11955398.8,11955372.97,11944995.58,98.71,MEF Datos Abiertos – Presupuesto y Ejecución de Gasto (Devengado),https://fs.datosabiertos.mef.gob.pe/datastorefiles/2021-Gasto-Devengado.csv,2026-09-08
2021,LA LIBERTAD,12009916.0,13816483.0,13702596.48,13667694.74,13667694.74,13649879.07,98.92,MEF Datos Abiertos – Presupuesto y Ejecución de Gasto (Devengado),https://fs.datosabiertos.mef.gob.pe/datastorefiles/2021-Gasto-Devengado.csv,2026-09-08
2021,LAMBAYEQUE,10292492.0,11653505.0,11583089.38,11566439.38,11566411.38,11559994.45,99.25,MEF Datos Abiertos – Presupuesto y Ejecución de Gasto (Devengado),https://fs.datosabiertos.mef.gob.pe/datastorefiles/2021-Gasto-Devengado.csv,2026-09-08
2021,LIMA,450540515.0,396942022.0,384203541.15,383023177.33,383020638.72,382784478.35,96.49,MEF Datos Abiertos – Presupuesto y Ejecución de Gasto (Devengado),https://fs.datosabiertos.mef.gob.pe/datastorefiles/2021-Gasto-Devengado.csv,2026-09-08
2021,LORETO,6738509.0,9364748.0,9173248.15,9155620.65,9155620.65,9147060.48,97.77,MEF Datos Abiertos – Presupuesto y Ejecución de Gasto (Devengado),https://fs.datosabiertos.mef.gob.pe/datastorefiles/2021-Gasto-Devengado.csv,2026-09-08
2021,MADRE DE DIOS,3687169.0,6087974.0,5939573.17,5912595.76,5912595.76,5909235.13,97.12,MEF Datos Abiertos – Presupuesto y Ejecución de Gasto (Devengado),https://fs.datosabiertos.mef.gob.pe/datastorefiles/2021-Gasto-Devengado.csv,2026-09-08
2021,MOQUEGUA,2724584.0,5057018.0,5007755.45,4928123.68,4928079.51,4921046.82,97.45,MEF Datos Abiertos – Presupuesto y Ejecución de Gasto (Devengado),https://fs.datosabiertos.mef.gob.pe/datastorefiles/2021-Gasto-Devengado.csv,2026-09-08
2021,PASCO,3427058.0,2652032.0,2602086.12,2601671.08,2601671.08,2598746.86,98.1,MEF Datos Abiertos – Presupuesto y Ejecución de Gasto (Devengado),https://fs.datosabiertos.mef.gob.pe/datastorefiles/2021-Gasto-Devengado.csv,2026-09-08
2021,PIURA,8670500.0,9996007.0,9833549.4,9823278.42,9823278.42,9808155.34,98.27,MEF Datos Abiertos – Presupuesto y Ejecución de Gasto (Devengado),https://fs.datosabiertos.mef.gob.pe/datastorefiles/2021-Gasto-Devengado.csv,2026-09-08
2021,PROVINCIA CONSTITUCIONAL DEL CALLAO,16558533.0,18277978.0,18041029.15,17949930.27,17949894.27,17943780.59,98.21,MEF Datos Abiertos – Presupuesto y Ejecución de Gasto (Devengado),https://fs.datosabiertos.mef.gob.pe/datastorefiles/2021-Gasto-Devengado.csv,2026-09-08
2021,PUNO,12721870.0,15307966.0,15118913.13,15106924.22,15106924.22,15088906.29,98.69,MEF Datos Abiertos – Presupuesto y Ejecución de Gasto (Devengado),https://fs.datosabiertos.mef.gob.pe/datastorefiles/2021-Gasto-Devengado.csv,2026-09-08
2021,SAN MARTIN,5443533.0,5306444.0,5217874.82,5216867.29,5216867.29,5205960.14,98.31,MEF Datos Abiertos – Presupuesto y Ejecución de Gasto (Devengado),https://fs.datosabiertos.mef.gob.pe/datastorefiles/2021-Gasto-Devengado.csv,2026-09-08
2021,TACNA,6748633.0,8552442.0,8408158.75,8387100.17,8387100.17,8382450.5,98.07,MEF Datos Abiertos – Presupuesto y Ejecución de Gasto (Devengado),https://fs.datosabiertos.mef.gob.pe/datastorefiles/2021-Gasto-Devengado.csv,2026-09-08
2021,TUMBES,3361421.0,5713208.0,5582553.11,5567733.78,5567733.78,5565749.51,97.45,MEF Datos Abiertos – Presupuesto y Ejecución de Gasto (Devengado),https://fs.datosabiertos.mef.gob.pe/datastorefiles/2021-Gasto-Devengado.csv,2026-09-08
2021,UCAYALI,2479161.0,4534243.0,4275474.43,4257784.85,4257323.14,4253297.51,93.89,MEF Datos Abiertos – Presupuesto y Ejecución de Gasto (Devengado),https://fs.datosabiertos.mef.gob.pe/datastorefiles/2021-Gasto-Devengado.csv,2026-09-08
2022,AMAZONAS,5905356.0,4901089.0,4840355.01,4829015.81,4825015.81,4817231.04,98.45,MEF Datos Abiertos – Presupuesto y Ejecución de Gasto (Devengado),https://fs.datosabiertos.mef.gob.pe/datastorefiles/2022-Gasto-Devengado.csv,2026-09-08
2022,ANCASH,26693198.0,14057791.0,13852112.05,13813601.3,13813601.3,13798202.81,98.26,MEF Datos Abiertos – Presupuesto y Ejecución de Gasto (Devengado),https://fs.datosabiertos.mef.gob.pe/datastorefiles/2022-Gasto-Devengado.csv,2026-09-08
2022,APURIMAC,4983616.0,5317873.0,5259797.6,5247038.57,5247038.57,5238994.23,98.67,MEF Datos Abiertos – Presupuesto y Ejecución de Gasto (Devengado),https://fs.datosabiertos.mef.gob.pe/datastorefiles/2022-Gasto-Devengado.csv,2026-09-08
2022,AREQUIPA,23480827.0,24146252.0,23814134.55,23693158.6,23693158.6,23675284.57,98.12,MEF Datos Abiertos – Presupuesto y Ejecución de Gasto (Devengado),https://fs.datosabiertos.mef.gob.pe/datastorefiles/2022-Gasto-Devengado.csv,2026-09-08
2022,AYACUCHO,7382057.0,8604860.0,8509764.82,8500437.92,8500437.92,8493341.28,98.79,MEF Datos Abiertos – Presupuesto y Ejecución de Gasto (Devengado),https://fs.datosabiertos.mef.gob.pe/datastorefiles/2022-Gasto-Devengado.csv,2026-09-08
2022,CAJAMARCA,5511341.0,6669766.0,6594403.91,6583734.8,6583734.8,6575754.18,98.71,MEF Datos Abiertos – Presupuesto y Ejecución de Gasto (Devengado),https://fs.datosabiertos.mef.gob.pe/datastorefiles/2022-Gasto-Devengado.csv,2026-09-08
2022,CUSCO,14933195.0,16549360.0,16395361.66,16351716.2,16351716.2,16333206.67,98.81,MEF Datos Abiertos – Presupuesto y Ejecución de Gasto (Devengado),https://fs.datosabiertos.mef.gob.pe/datastorefiles/2022-Gasto-Devengado.csv,2026-09-08
2022,HUANCAVELICA,4299844.0,5343509.0,5284055.58,5270245.96,5270245.96,5262201.43,98.63,MEF Datos Abiertos – Presupuesto y Ejecución de Gasto (Devengado),https://fs.datosabiertos.mef.gob.pe/datastorefiles/2022-Gasto-Devengado.csv,2026-09-08
2022,HUANUCO,7545707.0,8662031.0,8451693.55,8384564.53,8384564.53,8379536.01,96.8,MEF Datos Abiertos – Presupuesto y Ejecución de Gasto (Devengado),https://fs.datosabiertos.mef.gob.pe/datastorefiles/2022-Gasto-Devengado.csv,2026-09-08
2022,ICA,11646392.0,13771888.0,13605613.6,13571459.68,13571459.68,13556746.88,98.54,MEF Datos Abiertos – Presupuesto y Ejecución de Gasto (Devengado),https://fs.datosabiertos.mef.gob.pe/datastorefiles/2022-Gasto-Devengado.csv,2026-09-08
2022,JUNIN,10595209.0,12237205.0,12031768.91,11979226.89,11979226.89,11967582.46,97.89,MEF Datos Abiertos – Presupuesto y Ejecución de Gasto (Devengado),https://fs.datosabiertos.mef.gob.pe/datastorefiles/2022-Gasto-Devengado.csv,2026-09-08
2022,LA LIBERTAD,13631004.0,13910176.0,13742000.95,13716273.83,13716273.83,13700492.5,98.61,MEF Datos Abiertos – Presupuesto y Ejecución de Gasto (Devengado),https://fs.datosabiertos.mef.gob.pe/datastorefiles/2022-Gasto-Devengado.csv,2026-09-08
2022,LAMBAYEQUE,11567600.0,11982958.0,11850052.45,11846589.31,11846589.31,11843129.51,98.86,MEF Datos Abiertos – Presupuesto y Ejecución de Gasto (Devengado),https://fs.datosabiertos.mef.gob.pe/datastorefiles/2022-Gasto-Devengado.csv,2026-09-08
2022,LIMA,486101105.0,502777689.0,492073614.19,490110733.3,490067613.53,489531526.17,97.47,MEF Datos Abiertos – Presupuesto y Ejecución de Gasto (Devengado),https://fs.datosabiertos.mef.gob.pe/datastorefiles/2022-Gasto-Devengado.csv,2026-09-08
2022,LORETO,9161609.0,10736316.0,10588741.1,10572809.31,10572809.31,10565278.82,98.48,MEF Datos Abiertos – Presupuesto y Ejecución de Gasto (Devengado),https://fs.datosabiertos.mef.gob.pe/datastorefiles/2022-Gasto-Devengado.csv,2026-09-08
2022,MADRE DE DIOS,5948130.0,6359663.0,6238034.6,6206735.16,6206735.16,6204630.72,97.6,MEF Datos Abiertos – Presupuesto y Ejecución de Gasto (Devengado),https://fs.datosabiertos.mef.gob.pe/datastorefiles/2022-Gasto-Devengado.csv,2026-09-08
2022,MOQUEGUA,4828667.0,4895922.0,4836406.69,4816616.0,4816616.0,4814445.19,98.38,MEF Datos Abiertos – Presupuesto y Ejecución de Gasto (Devengado),https://fs.datosabiertos.mef.gob.pe/datastorefiles/2022-Gasto-Devengado.csv,2026-09-08
2022,PASCO,2363087.0,2695356.0,2678769.8,2677783.51,2677783.51,2674458.4,99.35,MEF Datos Abiertos – Presupuesto y Ejecución de Gasto (Devengado),https://fs.datosabiertos.mef.gob.pe/datastorefiles/2022-Gasto-Devengado.csv,2026-09-08
2022,PIURA,8992768.0,9832733.0,9780892.41,9768038.18,9768038.18,9757710.66,99.34,MEF Datos Abiertos – Presupuesto y Ejecución de Gasto (Devengado),https://fs.datosabiertos.mef.gob.pe/datastorefiles/2022-Gasto-Devengado.csv,2026-09-08
2022,PROVINCIA CONSTITUCIONAL DEL CALLAO,15665182.0,15170737.0,14980784.77,14907528.98,14907528.98,14891437.0,98.27,MEF Datos Abiertos – Presupuesto y Ejecución de Gasto (Devengado),https://fs.datosabiertos.mef.gob.pe/datastorefiles/2022-Gasto-Devengado.csv,2026-09-08
2022,PUNO,13155557.0,15281462.0,15109927.63,15044716.81,15044716.81,15027799.77,98.45,MEF Datos Abiertos – Presupuesto y Ejecución de Gasto (Devengado),https://fs.datosabiertos.mef.gob.pe/datastorefiles/2022-Gasto-Devengado.csv,2026-09-08
2022,SAN MARTIN,4155268.0,5344538.0,5300343.59,5300343.59,5300343.59,5290847.93,99.17,MEF Datos Abiertos – Presupuesto y Ejecución de Gasto (Devengado),https://fs.datosabiertos.mef.gob.pe/datastorefiles/2022-Gasto-Devengado.csv,2026-09-08
2022,TACNA,6988464.0,9565795.0,9462291.86,9438791.24,9438791.24,9433631.39,98.67,MEF Datos Abiertos – Presupuesto y Ejecución de Gasto (Devengado),https://fs.datosabiertos.mef.gob.pe/datastorefiles/2022-Gasto-Devengado.csv,2026-09-08
2022,TUMBES,4797601.0,5743451.0,5661719.33,5652869.99,5652869.99,5650297.19,98.42,MEF Datos Abiertos – Presupuesto y Ejecución de Gasto (Devengado),https://fs.datosabiertos.mef.gob.pe/datastorefiles/2022-Gasto-Devengado.csv,2026-09-08
2022,UCAYALI,3077265.0,6717771.0,6626317.59,6606576.84,6606276.84,6592102.9,98.34,MEF Datos Abiertos – Presupuesto y Ejecución de Gasto (Devengado),https://fs.datosabiertos.mef.gob.pe/datastorefiles/2022-Gasto-Devengado.csv,2026-09-08
2023,AMAZONAS,4489310.0,4942250.0,4896648.67,4893755.13,4893755.13,4881251.25,99.02,MEF Datos Abiertos – Presupuesto y Ejecución de Gasto (Devengado),https://fs.datosabiertos.mef.gob.pe/datastorefiles/2023-Gasto-Devengado.csv,2026-09-08
2023,ANCASH,12896016.0,15010647.0,14387816.4,14374779.62,14374779.62,14358688.9,95.76,MEF Datos Abiertos – Presupuesto y Ejecución de Gasto (Devengado),https://fs.datosabiertos.mef.gob.pe/datastorefiles/2023-Gasto-Devengado.csv,2026-09-08
2023,APURIMAC,4675649.0,5684092.0,5485632.49,5483674.59,5483674.59,5459013.4,96.47,MEF Datos Abiertos – Presupuesto y Ejecución de Gasto (Devengado),https://fs.datosabiertos.mef.gob.pe/datastorefiles/2023-Gasto-Devengado.csv,2026-09-08
2023,AREQUIPA,22025883.0,25659323.0,25294397.88,25270142.54,25270142.54,25253891.52,98.48,MEF Datos Abiertos – Presupuesto y Ejecución de Gasto (Devengado),https://fs.datosabiertos.mef.gob.pe/datastorefiles/2023-Gasto-Devengado.csv,2026-09-08
2023,AYACUCHO,8060677.0,8630549.0,8490467.07,8448626.65,8448626.65,8434116.71,97.89,MEF Datos Abiertos – Presupuesto y Ejecución de Gasto (Devengado),https://fs.datosabiertos.mef.gob.pe/datastorefiles/2023-Gasto-Devengado.csv,2026-09-08
2023,CAJAMARCA,5559823.0,7102523.0,6930259.22,6928928.63,6928928.63,6915450.72,97.56,MEF Datos Abiertos – Presupuesto y Ejecución de Gasto (Devengado),https://fs.datosabiertos.mef.gob.pe/datastorefiles/2023-Gasto-Devengado.csv,2026-09-08
2023,CUSCO,15164329.0,16036276.0,15801406.75,15795589.88,15795589.88,15776654.06,98.5,MEF Datos Abiertos – Presupuesto y Ejecución de Gasto (Devengado),https://fs.datosabiertos.mef.gob.pe/datastorefiles/2023-Gasto-Devengado.csv,2026-09-08
2023,HUANCAVELICA,4896221.0,5021226.0,4978048.51,4974106.63,4974106.63,4958768.86,99.06,MEF Datos Abiertos – Presupuesto y Ejecución de Gasto (Devengado),https://fs.datosabiertos.mef.gob.pe/datastorefiles/2023-Gasto-Devengado.csv,2026-09-08
2023,HUANUCO,8563840.0,8752778.0,8724816.79,8719418.77,8719418.77,8710695.35,99.62,MEF Datos Abiertos – Presupuesto y Ejecución de Gasto (Devengado),https://fs.datosabiertos.mef.gob.pe/datastorefiles/2023-Gasto-Devengado.csv,2026-09-08
2023,ICA,11678353.0,13017615.0,12969551.17,12960377.66,12960377.66,12947747.07,99.56,MEF Datos Abiertos – Presupuesto y Ejecución de Gasto (Devengado),https://fs.datosabiertos.mef.gob.pe/datastorefiles/2023-Gasto-Devengado.csv,2026-09-08
2023,JUNIN,11333140.0,13042742.0,12944824.43,12927724.37,12927724.37,12911338.97,99.12,MEF Datos Abiertos – Presupuesto y Ejecución de Gasto (Devengado),https://fs.datosabiertos.mef.gob.pe/datastorefiles/2023-Gasto-Devengado.csv,2026-09-08
2023,LA LIBERTAD,13032632.0,15232463.0,15155953.17,15147256.6,15147256.6,15118083.71,99.44,MEF Datos Abiertos – Presupuesto y Ejecución de Gasto (Devengado),https://fs.datosabiertos.mef.gob.pe/datastorefiles/2023-Gasto-Devengado.csv,2026-09-08
2023,LAMBAYEQUE,11445055.0,15627375.0,15535812.45,15525158.56,15525158.56,15509402.07,99.35,MEF Datos Abiertos – Presupuesto y Ejecución de Gasto (Devengado),https://fs.datosabiertos.mef.gob.pe/datastorefiles/2023-Gasto-Devengado.csv,2026-09-08
2023,LIMA,572643098.0,612514628.0,602739445.84,601241041.08,601051387.09,600644283.9,98.13,MEF Datos Abiertos – Presupuesto y Ejecución de Gasto (Devengado),https://fs.datosabiertos.mef.gob.pe/datastorefiles/2023-Gasto-Devengado.csv,2026-09-08
2023,LORETO,9741329.0,10407850.0,10269050.21,10211488.06,10211488.06,10199573.56,98.11,MEF Datos Abiertos – Presupuesto y Ejecución de Gasto (Devengado),https://fs.datosabiertos.mef.gob.pe/datastorefiles/2023-Gasto-Devengado.csv,2026-09-08
2023,MADRE DE DIOS,5626983.0,6805195.0,6655200.84,6638961.92,6638961.92,6631917.9,97.56,MEF Datos Abiertos – Presupuesto y Ejecución de Gasto (Devengado),https://fs.datosabiertos.mef.gob.pe/datastorefiles/2023-Gasto-Devengado.csv,2026-09-08
2023,MOQUEGUA,4355034.0,5227517.0,5182773.74,5180925.67,5180925.67,5174467.24,99.11,MEF Datos Abiertos – Presupuesto y Ejecución de Gasto (Devengado),https://fs.datosabiertos.mef.gob.pe/datastorefiles/2023-Gasto-Devengado.csv,2026-09-08
2023,PASCO,2857644.0,2571563.0,2545357.33,2543373.33,2543373.33,2540346.82,98.9,MEF Datos Abiertos – Presupuesto y Ejecución de Gasto (Devengado),https://fs.datosabiertos.mef.gob.pe/datastorefiles/2023-Gasto-Devengado.csv,2026-09-08
2023,PIURA,8853688.0,10950825.0,10823081.45,10812972.15,10812972.15,10796648.51,98.74,MEF Datos Abiertos – Presupuesto y Ejecución de Gasto (Devengado),https://fs.datosabiertos.mef.gob.pe/datastorefiles/2023-Gasto-Devengado.csv,2026-09-08
2023,PROVINCIA CONSTITUCIONAL DEL CALLAO,14011374.0,14737304.0,14678645.22,14655432.4,14655432.4,14642136.28,99.44,MEF Datos Abiertos – Presupuesto y Ejecución de Gasto (Devengado),https://fs.datosabiertos.mef.gob.pe/datastorefiles/2023-Gasto-Devengado.csv,2026-09-08
2023,PUNO,13545020.0,15812819.0,15694834.71,15680220.19,15680220.19,15667209.29,99.16,MEF Datos Abiertos – Presupuesto y Ejecución de Gasto (Devengado),https://fs.datosabiertos.mef.gob.pe/datastorefiles/2023-Gasto-Devengado.csv,2026-09-08
2023,SAN MARTIN,5149886.0,5813762.0,5794246.43,5794246.43,5794246.43,5786971.71,99.66,MEF Datos Abiertos – Presupuesto y Ejecución de Gasto (Devengado),https://fs.datosabiertos.mef.gob.pe/datastorefiles/2023-Gasto-Devengado.csv,2026-09-08
2023,TACNA,8457585.0,9555984.0,9430399.88,9423447.83,9423447.83,9408882.37,98.61,MEF Datos Abiertos – Presupuesto y Ejecución de Gasto (Devengado),https://fs.datosabiertos.mef.gob.pe/datastorefiles/2023-Gasto-Devengado.csv,2026-09-08
2023,TUMBES,5284684.0,6141044.0,6041165.14,6034889.11,6034889.11,6024156.16,98.27,MEF Datos Abiertos – Presupuesto y Ejecución de Gasto (Devengado),https://fs.datosabiertos.mef.gob.pe/datastorefiles/2023-Gasto-Devengado.csv,2026-09-08
2023,UCAYALI,5197413.0,6762342.0,6672523.36,6667208.46,6667208.46,6664563.89,98.59,MEF Datos Abiertos – Presupuesto y Ejecución de Gasto (Devengado),https://fs.datosabiertos.mef.gob.pe/datastorefiles/2023-Gasto-Devengado.csv,2026-09-08
2024,AMAZONAS,30525320.0,6914348.0,6858178.28,6850060.76,6850060.76,6830370.79,99.07,MEF Datos Abiertos – Presupuesto y Ejecución de Gasto (Devengado),https://fs.datosabiertos.mef.gob.pe/datastorefiles/2024-Gasto-Devengado.csv,2026-09-08
2024,ANCASH,15054913.0,16536496.0,16429976.49,16418271.33,16418271.33,16370467.91,99.29,MEF Datos Abiertos – Presupuesto y Ejecución de Gasto (Devengado),https://fs.datosabiertos.mef.gob.pe/datastorefiles/2024-Gasto-Devengado.csv,2026-09-08
2024,APURIMAC,5013320.0,7231722.0,7193040.14,7192926.66,7192926.66,7163408.19,99.46,MEF Datos Abiertos – Presupuesto y Ejecución de Gasto (Devengado),https://fs.datosabiertos.mef.gob.pe/datastorefiles/2024-Gasto-Devengado.csv,2026-09-08
2024,AREQUIPA,47421184.0,27364439.0,27224765.4,27147140.24,27146390.24,27101823.89,99.2,MEF Datos Abiertos – Presupuesto y Ejecución de Gasto (Devengado),https://fs.datosabiertos.mef.gob.pe/datastorefiles/2024-Gasto-Devengado.csv,2026-09-08
2024,AYACUCHO,11425397.0,12581391.0,12432060.8,12406903.51,12406903.51,12383537.14,98.61,MEF Datos Abiertos – Presupuesto y Ejecución de Gasto (Devengado),https://fs.datosabiertos.mef.gob.pe/datastorefiles/2024-Gasto-Devengado.csv,2026-09-08
2024,CAJAMARCA,6221792.0,8901261.0,8849685.78,8837479.27,8837479.27,8822648.95,99.28,MEF Datos Abiertos – Presupuesto y Ejecución de Gasto (Devengado),https://fs.datosabiertos.mef.gob.pe/datastorefiles/2024-Gasto-Devengado.csv,2026-09-08
2024,CUSCO,16560773.0,20841265.0,20632416.82,20599297.85,20599297.85,20542423.04,98.84,MEF Datos Abiertos – Presupuesto y Ejecución de Gasto (Devengado),https://fs.datosabiertos.mef.gob.pe/datastorefiles/2024-Gasto-Devengado.csv,2026-09-08
2024,HUANCAVELICA,4630422.0,7187647.0,7121872.54,7110677.6,7110677.6,7082883.32,98.93,MEF Datos Abiertos – Presupuesto y Ejecución de Gasto (Devengado),https://fs.datosabiertos.mef.gob.pe/datastorefiles/2024-Gasto-Devengado.csv,2026-09-08
2024,HUANUCO,10492863.0,12277418.0,11833548.9,11763875.71,11763875.71,11745355.35,95.82,MEF Datos Abiertos – Presupuesto y Ejecución de Gasto (Devengado),https://fs.datosabiertos.mef.gob.pe/datastorefiles/2024-Gasto-Devengado.csv,2026-09-08
2024,ICA,12345107.0,14650604.0,14485401.52,14444875.07,14444875.07,14417190.02,98.6,MEF Datos Abiertos – Presupuesto y Ejecución de Gasto (Devengado),https://fs.datosabiertos.mef.gob.pe/datastorefiles/2024-Gasto-Devengado.csv,2026-09-08
2024,JUNIN,12440282.0,15735461.0,15606867.64,15582786.29,15582801.66,15560425.67,99.03,MEF Datos Abiertos – Presupuesto y Ejecución de Gasto (Devengado),https://fs.datosabiertos.mef.gob.pe/datastorefiles/2024-Gasto-Devengado.csv,2026-09-08
2024,LA LIBERTAD,14111603.0,18345477.0,18240344.33,18212055.54,18212055.54,18174788.86,99.27,MEF Datos Abiertos – Presupuesto y Ejecución de Gasto (Devengado),https://fs.datosabiertos.mef.gob.pe/datastorefiles/2024-Gasto-Devengado.csv,2026-09-08
2024,LAMBAYEQUE,12411520.0,15495558.0,15341892.09,15324828.85,15324847.91,15314049.8,98.9,MEF Datos Abiertos – Presupuesto y Ejecución de Gasto (Devengado),https://fs.datosabiertos.mef.gob.pe/datastorefiles/2024-Gasto-Devengado.csv,2026-09-08
2024,LIMA,684287884.0,631422493.0,626620369.35,624691561.12,624628737.13,624050633.73,98.92,MEF Datos Abiertos – Presupuesto y Ejecución de Gasto (Devengado),https://fs.datosabiertos.mef.gob.pe/datastorefiles/2024-Gasto-Devengado.csv,2026-09-08
2024,LORETO,10628648.0,14305720.0,14021592.85,13993624.63,13993624.63,13973648.06,97.82,MEF Datos Abiertos – Presupuesto y Ejecución de Gasto (Devengado),https://fs.datosabiertos.mef.gob.pe/datastorefiles/2024-Gasto-Devengado.csv,2026-09-08
2024,MADRE DE DIOS,5874798.0,9456392.0,9273245.88,9253849.89,9253849.89,9242567.82,97.86,MEF Datos Abiertos – Presupuesto y Ejecución de Gasto (Devengado),https://fs.datosabiertos.mef.gob.pe/datastorefiles/2024-Gasto-Devengado.csv,2026-09-08
2024,MOQUEGUA,4841426.0,6290337.0,6216202.12,6212625.39,6212625.39,6197763.92,98.76,MEF Datos Abiertos – Presupuesto y Ejecución de Gasto (Devengado),https://fs.datosabiertos.mef.gob.pe/datastorefiles/2024-Gasto-Devengado.csv,2026-09-08
2024,PASCO,2292307.0,3357578.0,3318847.94,3309164.99,3309164.99,3299723.9,98.56,MEF Datos Abiertos – Presupuesto y Ejecución de Gasto (Devengado),https://fs.datosabiertos.mef.gob.pe/datastorefiles/2024-Gasto-Devengado.csv,2026-09-08
2024,PIURA,9381171.0,12562846.0,12499336.86,12495928.35,12495928.35,12465007.68,99.47,MEF Datos Abiertos – Presupuesto y Ejecución de Gasto (Devengado),https://fs.datosabiertos.mef.gob.pe/datastorefiles/2024-Gasto-Devengado.csv,2026-09-08
2024,PROVINCIA CONSTITUCIONAL DEL CALLAO,14363634.0,17712399.0,17527102.61,17462129.86,17462129.86,17447158.05,98.59,MEF Datos Abiertos – Presupuesto y Ejecución de Gasto (Devengado),https://fs.datosabiertos.mef.gob.pe/datastorefiles/2024-Gasto-Devengado.csv,2026-09-08
2024,PUNO,13364767.0,19488351.0,19279490.73,19252126.71,19252126.71,19224331.65,98.79,MEF Datos Abiertos – Presupuesto y Ejecución de Gasto (Devengado),https://fs.datosabiertos.mef.gob.pe/datastorefiles/2024-Gasto-Devengado.csv,2026-09-08
2024,SAN MARTIN,4932248.0,7400228.0,7365083.99,7350653.72,7350653.72,7320507.63,99.33,MEF Datos Abiertos – Presupuesto y Ejecución de Gasto (Devengado),https://fs.datosabiertos.mef.gob.pe/datastorefiles/2024-Gasto-Devengado.csv,2026-09-08
2024,TACNA,8094486.0,10837829.0,10732750.17,10710041.96,10710041.96,10690389.38,98.82,MEF Datos Abiertos – Presupuesto y Ejecución de Gasto (Devengado),https://fs.datosabiertos.mef.gob.pe/datastorefiles/2024-Gasto-Devengado.csv,2026-09-08
2024,TUMBES,5122427.0,7000026.0,6903863.56,6895166.8,6895166.8,6889956.53,98.5,MEF Datos Abiertos – Presupuesto y Ejecución de Gasto (Devengado),https://fs.datosabiertos.mef.gob.pe/datastorefiles/2024-Gasto-Devengado.csv,2026-09-08
2024,UCAYALI,7773216.0,8719827.0,8639759.06,8618867.39,8618867.39,8609229.1,98.84,MEF Datos Abiertos – Presupuesto y Ejecución de Gasto (Devengado),https://fs.datosabiertos.mef.gob.pe/datastorefiles/2024-Gasto-Devengado.csv,2026-09-08
2025,AMAZONAS,9660791.0,10017909.0,9968918.6,9959529.61,9916669.02,9868489.65,98.99,MEF Datos Abiertos – Presupuesto y Ejecución de Gasto (Devengado),https://fs.datosabiertos.mef.gob.pe/datastorefiles/2025-Gasto-Devengado-Mensual.csv,2026-09-08
2025,ANCASH,17048781.0,18069205.0,17981380.91,17966012.36,17881639.41,17741079.93,98.96,MEF Datos Abiertos – Presupuesto y Ejecución de Gasto (Devengado),https://fs.datosabiertos.mef.gob.pe/datastorefiles/2025-Gasto-Devengado-Mensual.csv,2026-09-08
2025,APURIMAC,7827320.0,7765712.0,7730515.81,7723846.57,7689640.77,7596247.81,99.02,MEF Datos Abiertos – Presupuesto y Ejecución de Gasto (Devengado),https://fs.datosabiertos.mef.gob.pe/datastorefiles/2025-Gasto-Devengado-Mensual.csv,2026-09-08
2025,AREQUIPA,30172751.0,30648794.0,30501096.8,30427134.98,30329975.01,30133672.29,98.96,MEF Datos Abiertos – Presupuesto y Ejecución de Gasto (Devengado),https://fs.datosabiertos.mef.gob.pe/datastorefiles/2025-Gasto-Devengado-Mensual.csv,2026-09-08
2025,AYACUCHO,15116395.0,14420825.0,14333412.8,14325924.76,14270195.99,14106342.82,98.96,MEF Datos Abiertos – Presupuesto y Ejecución de Gasto (Devengado),https://fs.datosabiertos.mef.gob.pe/datastorefiles/2025-Gasto-Devengado-Mensual.csv,2026-09-08
2025,CAJAMARCA,9044768.0,10046450.0,10003897.19,9949097.82,9878294.18,9764152.34,98.33,MEF Datos Abiertos – Presupuesto y Ejecución de Gasto (Devengado),https://fs.datosabiertos.mef.gob.pe/datastorefiles/2025-Gasto-Devengado-Mensual.csv,2026-09-08
2025,CUSCO,21029104.0,23554968.0,23414414.39,23397465.73,23326309.03,23079632.57,99.03,MEF Datos Abiertos – Presupuesto y Ejecución de Gasto (Devengado),https://fs.datosabiertos.mef.gob.pe/datastorefiles/2025-Gasto-Devengado-Mensual.csv,2026-09-08
2025,HUANCAVELICA,7819092.0,8711335.0,8652919.11,8591250.39,8539719.23,8457932.23,98.03,MEF Datos Abiertos – Presupuesto y Ejecución de Gasto (Devengado),https://fs.datosabiertos.mef.gob.pe/datastorefiles/2025-Gasto-Devengado-Mensual.csv,2026-09-08
2025,HUANUCO,12681714.0,12928440.0,12857196.26,12846069.56,12807417.91,12766428.67,99.06,MEF Datos Abiertos – Presupuesto y Ejecución de Gasto (Devengado),https://fs.datosabiertos.mef.gob.pe/datastorefiles/2025-Gasto-Devengado-Mensual.csv,2026-09-08
2025,ICA,15587934.0,15107668.0,15042404.89,15003846.44,14954034.85,14911551.35,98.98,MEF Datos Abiertos – Presupuesto y Ejecución de Gasto (Devengado),https://fs.datosabiertos.mef.gob.pe/datastorefiles/2025-Gasto-Devengado-Mensual.csv,2026-09-08
2025,JUNIN,17164888.0,16994309.0,16951792.77,16903505.36,16860038.94,16753340.33,99.21,MEF Datos Abiertos – Presupuesto y Ejecución de Gasto (Devengado),https://fs.datosabiertos.mef.gob.pe/datastorefiles/2025-Gasto-Devengado-Mensual.csv,2026-09-08
2025,LA LIBERTAD,18784630.0,19643201.0,19588955.18,19530629.17,19421103.4,19208106.64,98.87,MEF Datos Abiertos – Presupuesto y Ejecución de Gasto (Devengado),https://fs.datosabiertos.mef.gob.pe/datastorefiles/2025-Gasto-Devengado-Mensual.csv,2026-09-08
2025,LAMBAYEQUE,16430950.0,17014431.0,16868845.83,16832840.36,16767670.17,16742825.3,98.55,MEF Datos Abiertos – Presupuesto y Ejecución de Gasto (Devengado),https://fs.datosabiertos.mef.gob.pe/datastorefiles/2025-Gasto-Devengado-Mensual.csv,2026-09-08
2025,LIMA,677188442.0,670482606.0,668234194.95,667466852.35,665145369.51,664738187.37,99.2,MEF Datos Abiertos – Presupuesto y Ejecución de Gasto (Devengado),https://fs.datosabiertos.mef.gob.pe/datastorefiles/2025-Gasto-Devengado-Mensual.csv,2026-09-08
2025,LORETO,16294762.0,16491053.0,16348790.79,16318543.62,16262937.56,16217617.76,98.62,MEF Datos Abiertos – Presupuesto y Ejecución de Gasto (Devengado),https://fs.datosabiertos.mef.gob.pe/datastorefiles/2025-Gasto-Devengado-Mensual.csv,2026-09-08
2025,MADRE DE DIOS,9926293.0,9834210.0,9654947.55,9602284.45,9547278.3,9511492.72,97.08,MEF Datos Abiertos – Presupuesto y Ejecución de Gasto (Devengado),https://fs.datosabiertos.mef.gob.pe/datastorefiles/2025-Gasto-Devengado-Mensual.csv,2026-09-08
2025,MOQUEGUA,6119935.0,6927603.0,6894288.84,6888532.15,6863306.71,6816062.83,99.07,MEF Datos Abiertos – Presupuesto y Ejecución de Gasto (Devengado),https://fs.datosabiertos.mef.gob.pe/datastorefiles/2025-Gasto-Devengado-Mensual.csv,2026-09-08
2025,PASCO,3540249.0,3764147.0,3738591.57,3738591.57,3731776.23,3701116.43,99.14,MEF Datos Abiertos – Presupuesto y Ejecución de Gasto (Devengado),https://fs.datosabiertos.mef.gob.pe/datastorefiles/2025-Gasto-Devengado-Mensual.csv,2026-09-08
2025,PIURA,12704292.0,13251491.0,13215601.28,13155257.79,13122905.83,12947831.98,99.03,MEF Datos Abiertos – Presupuesto y Ejecución de Gasto (Devengado),https://fs.datosabiertos.mef.gob.pe/datastorefiles/2025-Gasto-Devengado-Mensual.csv,2026-09-08
2025,PROVINCIA CONSTITUCIONAL DEL CALLAO,19177058.0,22232293.0,21819645.43,21733657.05,21588199.44,21557463.73,97.1,MEF Datos Abiertos – Presupuesto y Ejecución de Gasto (Devengado),https://fs.datosabiertos.mef.gob.pe/datastorefiles/2025-Gasto-Devengado-Mensual.csv,2026-09-08
2025,PUNO,18076788.0,20306583.0,20217715.47,20202241.32,20155816.05,20038622.11,99.26,MEF Datos Abiertos – Presupuesto y Ejecución de Gasto (Devengado),https://fs.datosabiertos.mef.gob.pe/datastorefiles/2025-Gasto-Devengado-Mensual.csv,2026-09-08
2025,SAN MARTIN,7469466.0,8020765.0,7821000.62,7821000.62,7817616.9,7702147.22,97.47,MEF Datos Abiertos – Presupuesto y Ejecución de Gasto (Devengado),https://fs.datosabiertos.mef.gob.pe/datastorefiles/2025-Gasto-Devengado-Mensual.csv,2026-09-08
2025,TACNA,10690073.0,11370236.0,11309394.14,11296686.76,11261740.94,11217171.5,99.05,MEF Datos Abiertos – Presupuesto y Ejecución de Gasto (Devengado),https://fs.datosabiertos.mef.gob.pe/datastorefiles/2025-Gasto-Devengado-Mensual.csv,2026-09-08
2025,TUMBES,7490468.0,7985375.0,7888967.23,7879890.85,7832222.78,7820084.39,98.08,MEF Datos Abiertos – Presupuesto y Ejecución de Gasto (Devengado),https://fs.datosabiertos.mef.gob.pe/datastorefiles/2025-Gasto-Devengado-Mensual.csv,2026-09-08
2025,UCAYALI,9250189.0,9767481.0,9675296.05,9668743.91,9620819.19,9585192.47,98.5,MEF Datos Abiertos – Presupuesto y Ejecución de Gasto (Devengado),https://fs.datosabiertos.mef.gob.pe/datastorefiles/2025-Gasto-Devengado-Mensual.csv,2026-09-08
