anio,tipo_violencia,prevalencia_pct,poblacion_referencia,fuente,url,fecha_descarga
2017,total,65.4,Mujeres 15-49 alguna vez unidas,INEI-ENDES Series Anuales 1986-2024 (Cuadro 11.1 / base Cuadro 12.1.2 Informe Principal ENDES 2024) - Violencia ejercida alguna vez por el esposo o companero,https://proyectos.inei.gob.pe/files/publicaciones/2024/SERIES_ANUALES_1986_2024.pdf,2026-09-08
2018,total,63.2,Mujeres 15-49 alguna vez unidas,INEI-ENDES Series Anuales 1986-2024 (Cuadro 11.1 / base Cuadro 12.1.2 Informe Principal ENDES 2024) - Violencia ejercida alguna vez por el esposo o companero,https://proyectos.inei.gob.pe/files/publicaciones/2024/SERIES_ANUALES_1986_2024.pdf,2026-09-08
2019,total,57.7,Mujeres 15-49 alguna vez unidas,INEI-ENDES Series Anuales 1986-2024 (Cuadro 11.1 / base Cuadro 12.1.2 Informe Principal ENDES 2024) - Violencia ejercida alguna vez por el esposo o companero,https://proyectos.inei.gob.pe/files/publicaciones/2024/SERIES_ANUALES_1986_2024.pdf,2026-09-08
2020,total,54.8,Mujeres 15-49 alguna vez unidas (a/ entrevista presencial),INEI-ENDES Series Anuales 1986-2024 (Cuadro 11.1 / base Cuadro 12.1.2 Informe Principal ENDES 2024) - Violencia ejercida alguna vez por el esposo o companero,https://proyectos.inei.gob.pe/files/publicaciones/2024/SERIES_ANUALES_1986_2024.pdf,2026-09-08
2021,total,54.9,Mujeres 15-49 alguna vez unidas,INEI-ENDES Series Anuales 1986-2024 (Cuadro 11.1 / base Cuadro 12.1.2 Informe Principal ENDES 2024) - Violencia ejercida alguna vez por el esposo o companero,https://proyectos.inei.gob.pe/files/publicaciones/2024/SERIES_ANUALES_1986_2024.pdf,2026-09-08
2022,total,55.7,Mujeres 15-49 alguna vez unidas,INEI-ENDES Series Anuales 1986-2024 (Cuadro 11.1 / base Cuadro 12.1.2 Informe Principal ENDES 2024) - Violencia ejercida alguna vez por el esposo o companero,https://proyectos.inei.gob.pe/files/publicaciones/2024/SERIES_ANUALES_1986_2024.pdf,2026-09-08
2023,total,53.8,Mujeres 15-49 alguna vez unidas,INEI-ENDES Series Anuales 1986-2024 (Cuadro 11.1 / base Cuadro 12.1.2 Informe Principal ENDES 2024) - Violencia ejercida alguna vez por el esposo o companero,https://proyectos.inei.gob.pe/files/publicaciones/2024/SERIES_ANUALES_1986_2024.pdf,2026-09-08
2024,total,52.0,Mujeres 15-49 alguna vez unidas,INEI-ENDES Series Anuales 1986-2024 (Cuadro 11.1 / base Cuadro 12.1.2 Informe Principal ENDES 2024) - Violencia ejercida alguna vez por el esposo o companero,https://proyectos.inei.gob.pe/files/publicaciones/2024/SERIES_ANUALES_1986_2024.pdf,2026-09-08
2017,psicologica,61.5,Mujeres 15-49 alguna vez unidas,INEI-ENDES Series Anuales 1986-2024 (Cuadro 11.1 / base Cuadro 12.1.2 Informe Principal ENDES 2024) - Violencia psicologica y/o verbal ejercida alguna vez por el esposo o companero,https://proyectos.inei.gob.pe/files/publicaciones/2024/SERIES_ANUALES_1986_2024.pdf,2026-09-08
2018,psicologica,58.9,Mujeres 15-49 alguna vez unidas,INEI-ENDES Series Anuales 1986-2024 (Cuadro 11.1 / base Cuadro 12.1.2 Informe Principal ENDES 2024) - Violencia psicologica y/o verbal ejercida alguna vez por el esposo o companero,https://proyectos.inei.gob.pe/files/publicaciones/2024/SERIES_ANUALES_1986_2024.pdf,2026-09-08
2019,psicologica,52.8,Mujeres 15-49 alguna vez unidas,INEI-ENDES Series Anuales 1986-2024 (Cuadro 11.1 / base Cuadro 12.1.2 Informe Principal ENDES 2024) - Violencia psicologica y/o verbal ejercida alguna vez por el esposo o companero,https://proyectos.inei.gob.pe/files/publicaciones/2024/SERIES_ANUALES_1986_2024.pdf,2026-09-08
2020,psicologica,50.1,Mujeres 15-49 alguna vez unidas (a/ entrevista presencial),INEI-ENDES Series Anuales 1986-2024 (Cuadro 11.1 / base Cuadro 12.1.2 Informe Principal ENDES 2024) - Violencia psicologica y/o verbal ejercida alguna vez por el esposo o companero,https://proyectos.inei.gob.pe/files/publicaciones/2024/SERIES_ANUALES_1986_2024.pdf,2026-09-08
2021,psicologica,50.8,Mujeres 15-49 alguna vez unidas,INEI-ENDES Series Anuales 1986-2024 (Cuadro 11.1 / base Cuadro 12.1.2 Informe Principal ENDES 2024) - Violencia psicologica y/o verbal ejercida alguna vez por el esposo o companero,https://proyectos.inei.gob.pe/files/publicaciones/2024/SERIES_ANUALES_1986_2024.pdf,2026-09-08
2022,psicologica,51.9,Mujeres 15-49 alguna vez unidas,INEI-ENDES Series Anuales 1986-2024 (Cuadro 11.1 / base Cuadro 12.1.2 Informe Principal ENDES 2024) - Violencia psicologica y/o verbal ejercida alguna vez por el esposo o companero,https://proyectos.inei.gob.pe/files/publicaciones/2024/SERIES_ANUALES_1986_2024.pdf,2026-09-08
2023,psicologica,49.3,Mujeres 15-49 alguna vez unidas,INEI-ENDES Series Anuales 1986-2024 (Cuadro 11.1 / base Cuadro 12.1.2 Informe Principal ENDES 2024) - Violencia psicologica y/o verbal ejercida alguna vez por el esposo o companero,https://proyectos.inei.gob.pe/files/publicaciones/2024/SERIES_ANUALES_1986_2024.pdf,2026-09-08
2024,psicologica,48.4,Mujeres 15-49 alguna vez unidas,INEI-ENDES Series Anuales 1986-2024 (Cuadro 11.1 / base Cuadro 12.1.2 Informe Principal ENDES 2024) - Violencia psicologica y/o verbal ejercida alguna vez por el esposo o companero,https://proyectos.inei.gob.pe/files/publicaciones/2024/SERIES_ANUALES_1986_2024.pdf,2026-09-08
2017,fisica,30.6,Mujeres 15-49 alguna vez unidas,INEI-ENDES Series Anuales 1986-2024 (Cuadro 11.1 / base Cuadro 12.1.2 Informe Principal ENDES 2024) - Violencia fisica ejercida alguna vez por el esposo o companero,https://proyectos.inei.gob.pe/files/publicaciones/2024/SERIES_ANUALES_1986_2024.pdf,2026-09-08
2018,fisica,30.7,Mujeres 15-49 alguna vez unidas,INEI-ENDES Series Anuales 1986-2024 (Cuadro 11.1 / base Cuadro 12.1.2 Informe Principal ENDES 2024) - Violencia fisica ejercida alguna vez por el esposo o companero,https://proyectos.inei.gob.pe/files/publicaciones/2024/SERIES_ANUALES_1986_2024.pdf,2026-09-08
2019,fisica,29.5,Mujeres 15-49 alguna vez unidas,INEI-ENDES Series Anuales 1986-2024 (Cuadro 11.1 / base Cuadro 12.1.2 Informe Principal ENDES 2024) - Violencia fisica ejercida alguna vez por el esposo o companero,https://proyectos.inei.gob.pe/files/publicaciones/2024/SERIES_ANUALES_1986_2024.pdf,2026-09-08
2020,fisica,27.1,Mujeres 15-49 alguna vez unidas (a/ entrevista presencial),INEI-ENDES Series Anuales 1986-2024 (Cuadro 11.1 / base Cuadro 12.1.2 Informe Principal ENDES 2024) - Violencia fisica ejercida alguna vez por el esposo o companero,https://proyectos.inei.gob.pe/files/publicaciones/2024/SERIES_ANUALES_1986_2024.pdf,2026-09-08
2021,fisica,26.7,Mujeres 15-49 alguna vez unidas,INEI-ENDES Series Anuales 1986-2024 (Cuadro 11.1 / base Cuadro 12.1.2 Informe Principal ENDES 2024) - Violencia fisica ejercida alguna vez por el esposo o companero,https://proyectos.inei.gob.pe/files/publicaciones/2024/SERIES_ANUALES_1986_2024.pdf,2026-09-08
2022,fisica,27.8,Mujeres 15-49 alguna vez unidas,INEI-ENDES Series Anuales 1986-2024 (Cuadro 11.1 / base Cuadro 12.1.2 Informe Principal ENDES 2024) - Violencia fisica ejercida alguna vez por el esposo o companero,https://proyectos.inei.gob.pe/files/publicaciones/2024/SERIES_ANUALES_1986_2024.pdf,2026-09-08
2023,fisica,27.2,Mujeres 15-49 alguna vez unidas,INEI-ENDES Series Anuales 1986-2024 (Cuadro 11.1 / base Cuadro 12.1.2 Informe Principal ENDES 2024) - Violencia fisica ejercida alguna vez por el esposo o companero,https://proyectos.inei.gob.pe/files/publicaciones/2024/SERIES_ANUALES_1986_2024.pdf,2026-09-08
2024,fisica,25.5,Mujeres 15-49 alguna vez unidas,INEI-ENDES Series Anuales 1986-2024 (Cuadro 11.1 / base Cuadro 12.1.2 Informe Principal ENDES 2024) - Violencia fisica ejercida alguna vez por el esposo o companero,https://proyectos.inei.gob.pe/files/publicaciones/2024/SERIES_ANUALES_1986_2024.pdf,2026-09-08
2017,sexual,6.5,Mujeres 15-49 alguna vez unidas,INEI-ENDES Series Anuales 1986-2024 (Cuadro 11.1 / base Cuadro 12.1.2 Informe Principal ENDES 2024) - Violencia sexual ejercida alguna vez por el esposo o companero,https://proyectos.inei.gob.pe/files/publicaciones/2024/SERIES_ANUALES_1986_2024.pdf,2026-09-08
2018,sexual,6.8,Mujeres 15-49 alguna vez unidas,INEI-ENDES Series Anuales 1986-2024 (Cuadro 11.1 / base Cuadro 12.1.2 Informe Principal ENDES 2024) - Violencia sexual ejercida alguna vez por el esposo o companero,https://proyectos.inei.gob.pe/files/publicaciones/2024/SERIES_ANUALES_1986_2024.pdf,2026-09-08
2019,sexual,7.1,Mujeres 15-49 alguna vez unidas,INEI-ENDES Series Anuales 1986-2024 (Cuadro 11.1 / base Cuadro 12.1.2 Informe Principal ENDES 2024) - Violencia sexual ejercida alguna vez por el esposo o companero,https://proyectos.inei.gob.pe/files/publicaciones/2024/SERIES_ANUALES_1986_2024.pdf,2026-09-08
2020,sexual,6.0,Mujeres 15-49 alguna vez unidas (a/ entrevista presencial),INEI-ENDES Series Anuales 1986-2024 (Cuadro 11.1 / base Cuadro 12.1.2 Informe Principal ENDES 2024) - Violencia sexual ejercida alguna vez por el esposo o companero,https://proyectos.inei.gob.pe/files/publicaciones/2024/SERIES_ANUALES_1986_2024.pdf,2026-09-08
2021,sexual,5.9,Mujeres 15-49 alguna vez unidas,INEI-ENDES Series Anuales 1986-2024 (Cuadro 11.1 / base Cuadro 12.1.2 Informe Principal ENDES 2024) - Violencia sexual ejercida alguna vez por el esposo o companero,https://proyectos.inei.gob.pe/files/publicaciones/2024/SERIES_ANUALES_1986_2024.pdf,2026-09-08
2022,sexual,6.7,Mujeres 15-49 alguna vez unidas,INEI-ENDES Series Anuales 1986-2024 (Cuadro 11.1 / base Cuadro 12.1.2 Informe Principal ENDES 2024) - Violencia sexual ejercida alguna vez por el esposo o companero,https://proyectos.inei.gob.pe/files/publicaciones/2024/SERIES_ANUALES_1986_2024.pdf,2026-09-08
2023,sexual,6.5,Mujeres 15-49 alguna vez unidas,INEI-ENDES Series Anuales 1986-2024 (Cuadro 11.1 / base Cuadro 12.1.2 Informe Principal ENDES 2024) - Violencia sexual ejercida alguna vez por el esposo o companero,https://proyectos.inei.gob.pe/files/publicaciones/2024/SERIES_ANUALES_1986_2024.pdf,2026-09-08
2024,sexual,5.6,Mujeres 15-49 alguna vez unidas,INEI-ENDES Series Anuales 1986-2024 (Cuadro 11.1 / base Cuadro 12.1.2 Informe Principal ENDES 2024) - Violencia sexual ejercida alguna vez por el esposo o companero,https://proyectos.inei.gob.pe/files/publicaciones/2024/SERIES_ANUALES_1986_2024.pdf,2026-09-08
2017-2024,economica,[NO DISPONIBLE],Mujeres 15-49 alguna vez unidas,La ENDES NO mide violencia economica como forma independiente en el cuadro de violencia de pareja; solo psicologica/verbal, fisica y sexual. Ver ENARES (INEI) para otras mediciones,https://proyectos.inei.gob.pe/files/publicaciones/2024/SERIES_ANUALES_1986_2024.pdf,2026-09-08
