anio,casos,fuente_investiga,fuente,url,fecha_descarga,nota
2017,NO DISPONIBLE,INEI - Homicidios en el Peru,INEI Homicidios en el Peru contandolos uno a uno (Cap. IX),https://www.inei.gob.pe/media/MenuRecursivo/publicaciones_digitales/Est/Lib1534/cap09.pdf,2026-09-08,INEI clasifica el infanticidio dentro de la categoria residual 'otros' (junto con instigacion al suicidio homicidio piadoso aborto con muerte de la madre) y NO publica el conteo desagregado de infanticidio. Sin cifra oficial anual separada.
2018,NO DISPONIBLE,INEI - Homicidios en el Peru,INEI Homicidios en el Peru contandolos uno a uno (Cap. IX),https://www.inei.gob.pe/media/MenuRecursivo/publicaciones_digitales/Est/Lib1534/cap09.pdf,2026-09-08,Infanticidio no desagregado (categoria 'otros'). Sin cifra oficial separada.
2019,NO DISPONIBLE,Ministerio Publico - Observatorio de Criminalidad,https://www.mpfn.gob.pe/observatorio/,https://www.mpfn.gob.pe/observatorio/,2026-09-08,NO DISPONIBLE: el Observatorio de Criminalidad del MP no publica en portal abierto una serie separada de infanticidio (Art. 110 CP). Requiere solicitud/consulta directa.
2020,NO DISPONIBLE,Ministerio Publico - Observatorio de Criminalidad,https://www.mpfn.gob.pe/observatorio/,https://www.mpfn.gob.pe/observatorio/,2026-09-08,NO DISPONIBLE: sin serie publica de infanticidio.
2021,NO DISPONIBLE,Ministerio Publico - Observatorio de Criminalidad,https://www.mpfn.gob.pe/observatorio/,https://www.mpfn.gob.pe/observatorio/,2026-09-08,NO DISPONIBLE: sin serie publica de infanticidio.
2022,NO DISPONIBLE,Ministerio Publico - Observatorio de Criminalidad,https://www.mpfn.gob.pe/observatorio/,https://www.mpfn.gob.pe/observatorio/,2026-09-08,NO DISPONIBLE: sin serie publica de infanticidio.
2023,NO DISPONIBLE,Ministerio Publico - Observatorio de Criminalidad,https://www.mpfn.gob.pe/observatorio/,https://www.mpfn.gob.pe/observatorio/,2026-09-08,NO DISPONIBLE: sin serie publica de infanticidio.
2024,NO DISPONIBLE,Ministerio Publico - Observatorio de Criminalidad,https://www.mpfn.gob.pe/observatorio/,https://www.mpfn.gob.pe/observatorio/,2026-09-08,NO DISPONIBLE: sin serie publica de infanticidio.
2025,NO DISPONIBLE,Ministerio Publico - Observatorio de Criminalidad,https://www.mpfn.gob.pe/observatorio/,https://www.mpfn.gob.pe/observatorio/,2026-09-08,NO DISPONIBLE: sin serie publica de infanticidio.
