anio,denuncias_violacion,victimas_menores,ambito,fuente,url,fecha_descarga,nota
2016,5683,4090,Nacional,"INEI - Indice Tematico Seguridad Ciudadana / Delitos; fuente primaria: Ministerio del Interior (MININTER) - PNP, Oficina de Planeamiento y Estadistica (registro administrativo de denuncias)",https://www.inei.gob.pe/estadisticas/indice-tematico/crimes/,2026-09-08,"denuncias_violacion = total nacional de denuncias por VIOLENCIA SEXUAL (menores<18 + 18ymas): menores 4090 (xlsx cuadro 7) + mayores 1593 (xlsx cuadro 8). victimas_menores = denuncias por violencia sexual a personas menores de 18 anios. CONTEXTO multisectorial: las denuncias las recibe/registra la PNP (MININTER) y las investiga el Ministerio Publico; NO es eficacia directa del MIMP. Registro administrativo, NO encuesta. Categoria = 'violencia sexual' (delitos contra la libertad sexual), mas amplia que solo 'violacion'. XLSX menores: https://www.inei.gob.pe/media/MenuRecursivo/indices_tematicos/7.%20Denuncias%20menores%20de%2018_1_1.xlsx ; XLSX mayores: https://www.inei.gob.pe/media/MenuRecursivo/indices_tematicos/8.%20Denuncias%20a%20mayores%20de%2018_1_1.xlsx"
2017,7113,4872,Nacional,"INEI - Indice Tematico Seguridad Ciudadana / Delitos; fuente primaria: Ministerio del Interior (MININTER) - PNP, Oficina de Planeamiento y Estadistica (registro administrativo de denuncias)",https://www.inei.gob.pe/estadisticas/indice-tematico/crimes/,2026-09-08,"total = menores 4872 + mayores 2241. victimas_menores = 4872. Fuente PNP/MININTER via INEI. NOTA: el Ministerio Publico-Observatorio de Criminalidad reporta cifras mayores para violacion sexual (ej. prensa cita ~25,068 en 2017) por ser otro registro (denuncias fiscales); ese dato NO se puebla aqui por no descargarse de cuadro oficial directo. XLSX cuadros 7 y 8 (ver fila 2016)."
2018,7789,5055,Nacional,"INEI - Indice Tematico Seguridad Ciudadana / Delitos; fuente primaria: Ministerio del Interior (MININTER) - PNP, Oficina de Planeamiento y Estadistica (registro administrativo de denuncias)",https://www.inei.gob.pe/estadisticas/indice-tematico/crimes/,2026-09-08,"total = menores 5055 + mayores 2734. victimas_menores = 5055. Fuente PNP/MININTER via INEI. XLSX cuadros 7 y 8 (ver fila 2016)."
2019,8255,5276,Nacional,"INEI - Indice Tematico Seguridad Ciudadana / Delitos; fuente primaria: Ministerio del Interior (MININTER) - PNP, Oficina de Planeamiento y Estadistica (registro administrativo de denuncias)",https://www.inei.gob.pe/estadisticas/indice-tematico/crimes/,2026-09-08,"total = menores 5276 + mayores 2979. victimas_menores = 5276. Fuente PNP/MININTER via INEI. XLSX cuadros 7 y 8 (ver fila 2016)."
2020,7987,5196,Nacional,"INEI - Indice Tematico Seguridad Ciudadana / Delitos; fuente primaria: Ministerio del Interior (MININTER) - PNP, Oficina de Planeamiento y Estadistica (registro administrativo de denuncias)",https://www.inei.gob.pe/estadisticas/indice-tematico/crimes/,2026-09-08,"total = menores 5196 + mayores 2791. victimas_menores = 5196. Anio de pandemia COVID-19 (subregistro por confinamiento). Fuente PNP/MININTER via INEI. XLSX cuadros 7 y 8 (ver fila 2016)."
2021,9840,6263,Nacional,"INEI - Indice Tematico Seguridad Ciudadana / Delitos; fuente primaria: Ministerio del Interior (MININTER) - PNP, Oficina de Planeamiento y Estadistica (registro administrativo de denuncias)",https://www.inei.gob.pe/estadisticas/indice-tematico/crimes/,2026-09-08,"total = menores 6263 + mayores 3577. victimas_menores = 6263. Fuente PNP/MININTER via INEI. XLSX cuadros 7 y 8 (ver fila 2016)."
2022,10320,6662,Nacional,"INEI - Indice Tematico Seguridad Ciudadana / Delitos; fuente primaria: Ministerio del Interior (MININTER) - PNP, Oficina de Planeamiento y Estadistica (registro administrativo de denuncias)",https://www.inei.gob.pe/estadisticas/indice-tematico/crimes/,2026-09-08,"total = menores 6662 + mayores 3658. victimas_menores = 6662. Fuente PNP/MININTER via INEI. XLSX cuadros 7 y 8 (ver fila 2016)."
2023,10546,6442,Nacional,"INEI - Indice Tematico Seguridad Ciudadana / Delitos; fuente primaria: Ministerio del Interior (MININTER) - PNP, Oficina de Planeamiento y Estadistica (registro administrativo de denuncias)",https://www.inei.gob.pe/estadisticas/indice-tematico/crimes/,2026-09-08,"total = menores 6442 + mayores 4104. victimas_menores = 6442. Fuente PNP/MININTER via INEI. XLSX cuadros 7 y 8 (ver fila 2016)."
2024,10819,6495,Nacional,"INEI - Indice Tematico Seguridad Ciudadana / Delitos; fuente primaria: Ministerio del Interior (MININTER) - PNP, Oficina de Planeamiento y Estadistica (registro administrativo de denuncias)",https://www.inei.gob.pe/estadisticas/indice-tematico/crimes/,2026-09-08,"total = menores 6495 + mayores 4324. victimas_menores = 6495. Ultimo anio disponible en los cuadros INEI (descargados 2026-09-08). Fuente PNP/MININTER via INEI. XLSX cuadros 7 y 8 (ver fila 2016)."
2025,[NO DISPONIBLE - https://www.inei.gob.pe/estadisticas/indice-tematico/crimes/],[NO DISPONIBLE - https://www.inei.gob.pe/estadisticas/indice-tematico/crimes/],Nacional,"INEI - Indice Tematico Seguridad Ciudadana / Delitos (fuente MININTER-PNP)",https://www.inei.gob.pe/estadisticas/indice-tematico/crimes/,2026-09-08,"Los cuadros INEI de denuncias por violencia sexual (cuadros 7 y 8) llegan hasta 2024 a la fecha de descarga (2026-09-08); 2025 aun no publicado. Verificar tambien Ministerio Publico - Observatorio de Criminalidad https://www.mpfn.gob.pe/observatorio/ para cifras fiscales."
